
test-node	Sun Sep 13 11:03:25 2026
	Database: C:\USERS\ALEKS\APPDATA\LOCAL\TEMP\TEST_MEND_1C7E46FA8938F381B743FA1C76079E55.FDB
	Validation started


test-node	Sun Sep 13 11:03:25 2026
	Database: C:\USERS\ALEKS\APPDATA\LOCAL\TEMP\TEST_MEND_1C7E46FA8938F381B743FA1C76079E55.FDB
	Validation finished: 0 errors, 0 warnings, 0 fixed


test-node	Sun Sep 13 11:03:55 2026
	Sweep is started by SYSDBA
	Database "C:\USERS\ALEKS\APPDATA\LOCAL\TEMP\SVC_SWEEP_77D95CEC7640B3F6D42B2051A1345996.FDB" 
	OIT 2, OAT 3, OST 3, Next 7


test-node	Sun Sep 13 11:03:55 2026
	Sweep is finished
	Database "C:\USERS\ALEKS\APPDATA\LOCAL\TEMP\SVC_SWEEP_77D95CEC7640B3F6D42B2051A1345996.FDB" 
	1 workers, time 0.018 sec 
	OIT 2, OAT 3, OST 3, Next 8


test-node	Sun Sep 13 11:04:19 2026
	INET/inet_error: read errno = 10054, client host = test-node, address = ::1/52336, user = aleks


test-node	Sun Sep 13 11:04:19 2026
	INET/inet_error: read errno = 10054, client host = test-node, address = ::1/57382, user = aleks


test-node	Sun Sep 13 11:04:19 2026
	INET/inet_error: read errno = 10054, client host = test-node, address = ::1/57380, user = aleks


test-node	Sun Sep 13 11:04:19 2026
	INET/inet_error: read errno = 10054, client host = test-node, address = ::1/57379, user = aleks


test-node	Sun Sep 13 11:04:19 2026
	INET/inet_error: read errno = 10054, client host = test-node, address = ::1/57378, user = aleks


test-node	Sun Sep 13 11:04:19 2026
	INET/inet_error: read errno = 10054, client host = test-node, address = ::1/57377, user = aleks


test-node	Sun Sep 13 11:04:19 2026
	INET/inet_error: read errno = 10054, client host = test-node, address = ::1/51554, user = aleks


test-node	Sun Sep 13 11:04:19 2026
	INET/inet_error: read errno = 10054, client host = test-node, address = ::1/51553, user = aleks


test-node	Sun Sep 13 11:04:19 2026
	INET/inet_error: read errno = 10054, client host = test-node, address = ::1/52352, user = aleks


test-node	Sun Sep 13 11:04:19 2026
	INET/inet_error: read errno = 10054, client host = test-node, address = ::1/52348, user = aleks


test-node	Sun Sep 13 11:04:19 2026
	INET/inet_error: read errno = 10054, client host = test-node, address = ::1/52344, user = aleks


test-node	Sun Sep 13 11:04:19 2026
	INET/inet_error: read errno = 10054, client host = test-node, address = ::1/52340, user = aleks


test-node	Sun Sep 13 11:04:19 2026
	INET/inet_error: read errno = 10054, client host = test-node, address = ::1/52339, user = aleks


test-node	Sun Sep 13 11:04:19 2026
	INET/inet_error: read errno = 10054, client host = test-node, address = ::1/52248, user = aleks


test-node	Sun Sep 13 11:04:19 2026
	INET/inet_error: read errno = 10054, client host = test-node, address = ::1/57381, user = aleks


test-node	Sun Sep 13 11:04:19 2026
	INET/inet_error: read errno = 10054, client host = test-node, address = ::1/51377, user = aleks


test-node	Sun Sep 13 20:48:36 2026
	INET/inet_error: read errno = 10054, client host = test-node, address = 127.0.0.1/62489, user = aleks


test-node	Sun Sep 13 20:48:47 2026
	INET/inet_error: read errno = 10054, client host = honor2025, address = ::1/58852, user = system


test-node	Sun Sep 13 20:48:47 2026
	INET/inet_error: read errno = 10054, client host = honor2025, address = ::1/58851, user = system


test-node	Mon Sep 14 12:44:36 2026
	INET/inet_error: read errno = 10054, client host = test-node, address = 127.0.0.1/59575, user = aleks


test-node	Mon Sep 14 12:44:44 2026
	INET/inet_error: read errno = 10054, client host = test-node, address = 127.0.0.1/61547, user = aleks


test-node	Tue Sep 15 03:00:31 2026
	INET/inet_error: read errno = 10054, client host = 127.0.0.1:53676, address = 127.0.0.1/53676, user = aleks


test-node	Tue Sep 15 03:00:31 2026
	INET/inet_error: read errno = 10054, client host = 127.0.0.1:53674, address = 127.0.0.1/53674, user = aleks


test-node	Tue Sep 15 05:15:16 2026
	Database: C:\HQBIRDDATA\OUTPUT\FBMCP-SPIKE\WORK\VERIFY_SPIKE3.FDB
	Validation started


test-node	Tue Sep 15 05:15:16 2026
	Database: C:\HQBIRDDATA\OUTPUT\FBMCP-SPIKE\WORK\VERIFY_SPIKE3.FDB
	Validation finished: 0 errors, 0 warnings, 0 fixed


test-node	Tue Sep 15 11:10:06 2026
	INET/inet_error: read errno = 10054, client host = 127.0.0.1:54506, address = 127.0.0.1/54506, user = aleks


test-node	Tue Sep 15 11:10:06 2026
	INET/inet_error: read errno = 10054, client host = 127.0.0.1:54511, address = 127.0.0.1/54511, user = aleks


test-node	Tue Sep 15 21:13:10 2026
	INET/inet_error: read errno = 10054, client host = 127.0.0.1:53604, address = 127.0.0.1/53604, user = aleks


test-node	Tue Sep 15 21:13:10 2026
	INET/inet_error: read errno = 10054, client host = 127.0.0.1:53606, address = 127.0.0.1/53606, user = aleks


test-node	Wed Sep 16 05:15:02 2026
	Database: C:\HQBIRDDATA\OUTPUT\FBMCP-SPIKE\WORK\VERIFY_SPIKE3.FDB
	Validation started


test-node	Wed Sep 16 05:15:02 2026
	Database: C:\HQBIRDDATA\OUTPUT\FBMCP-SPIKE\WORK\VERIFY_SPIKE3.FDB
	Validation finished: 0 errors, 0 warnings, 0 fixed


test-node	Wed Sep 16 10:03:07 2026
	INET/inet_error: read errno = 10054, client host = test-node, address = 127.0.0.1/55287, user = aleks


test-node	Wed Sep 16 10:19:03 2026
	INET/inet_error: read errno = 10054, client host = test-node, address = 127.0.0.1/59855, user = aleks


test-node	Wed Sep 16 13:55:14 2026
	INET/inet_error: read errno = 10054, client host = test-node, address = 127.0.0.1/59864, user = aleks


test-node	Thu Sep 17 00:08:07 2026
	INET/inet_error: read errno = 10054, client host = test-node, address = 127.0.0.1/64152, user = aleks


test-node	Thu Sep 17 09:49:50 2026
	INET/inet_error: read errno = 10054, client host = test-node, address = 127.0.0.1/55188, user = aleks


test-node	Thu Sep 17 10:02:11 2026
	INET/inet_error: read errno = 10054, client host = test-node, address = 127.0.0.1/63989, user = aleks


test-node	Thu Sep 17 10:02:19 2026
	INET/inet_error: read errno = 10054, client host = test-node, address = 127.0.0.1/61452, user = aleks


test-node	Thu Sep 17 22:48:28 2026
	INET/inet_error: read errno = 10054, client host = test-node, address = 127.0.0.1/61632, user = aleks


test-node	Fri Sep 18 03:00:58 2026
	INET/inet_error: read errno = 10054, client host = test-node, address = 127.0.0.1/60118, user = aleks


test-node	Fri Sep 18 08:53:44 2026
	XNET error: XNET server initialization failed. Probably another instance of server is already running.
	operating system directive CreateMutex failed
	Cannot create a file when that file already exists. 


test-node	Fri Sep 18 08:54:35 2026
	INET/inet_error: read errno = 10054, client host = honor2025, address = ::1/49793, user = system


test-node	Fri Sep 18 08:54:35 2026
	INET/inet_error: read errno = 10054, client host = honor2025, address = ::1/49792, user = system


test-node	Fri Sep 18 23:28:59 2026
	INET/inet_error: read errno = 10054, client host = test-node, address = 127.0.0.1/59305, user = aleks


test-node	Fri Sep 18 23:29:40 2026
	INET/inet_error: read errno = 10054, client host = test-node, address = 127.0.0.1/59554, user = aleks


test-node	Sat Sep 19 05:15:07 2026
	Database: C:\HQBIRDDATA\OUTPUT\FBMCP-SPIKE\WORK\VERIFY_SPIKE3.FDB
	Validation started


test-node	Sat Sep 19 05:15:07 2026
	Database: C:\HQBIRDDATA\OUTPUT\FBMCP-SPIKE\WORK\VERIFY_SPIKE3.FDB
	Validation finished: 0 errors, 0 warnings, 0 fixed


test-node	Sun Sep 20 05:15:07 2026
	Database: C:\HQBIRDDATA\OUTPUT\FBMCP-SPIKE\WORK\VERIFY_SPIKE3.FDB
	Validation started


test-node	Sun Sep 20 05:15:07 2026
	Database: C:\HQBIRDDATA\OUTPUT\FBMCP-SPIKE\WORK\VERIFY_SPIKE3.FDB
	Validation finished: 0 errors, 0 warnings, 0 fixed


test-node	Sun Sep 20 14:25:05 2026
	INET/inet_error: read errno = 10054, client host = test-node, address = 127.0.0.1/63389, user = aleks


test-node	Mon Sep 21 05:15:05 2026
	Database: C:\HQBIRDDATA\OUTPUT\FBMCP-SPIKE\WORK\VERIFY_SPIKE3.FDB
	Validation started


test-node	Mon Sep 21 05:15:05 2026
	Database: C:\HQBIRDDATA\OUTPUT\FBMCP-SPIKE\WORK\VERIFY_SPIKE3.FDB
	Validation finished: 0 errors, 0 warnings, 0 fixed


test-node	Mon Sep 21 05:21:59 2026
	INET/inet_error: read errno = 10054, client host = honor2025, address = ::1/62696, user = system


test-node	Mon Sep 21 05:25:50 2026
	INET/inet_error: read errno = 10054, client host = honor2025, address = ::1/62797, user = system


test-node	Mon Sep 21 05:34:51 2026
	INET/inet_error: read errno = 10054, client host = honor2025, address = ::1/63063, user = system


test-node	Mon Sep 21 05:34:51 2026
	INET/inet_error: read errno = 10054, client host = honor2025, address = ::1/63064, user = system


test-node	Mon Sep 21 05:35:50 2026
	INET/inet_error: read errno = 10054, client host = honor2025, address = ::1/63100, user = system


test-node	Mon Sep 21 05:36:51 2026
	INET/inet_error: read errno = 10054, client host = honor2025, address = ::1/63120, user = system


test-node	Mon Sep 21 05:40:15 2026
	INET/inet_error: read errno = 10054, client host = honor2025, address = ::1/63208, user = system


test-node	Mon Sep 21 05:41:15 2026
	INET/inet_error: read errno = 10054, client host = honor2025, address = ::1/63241, user = system


test-node	Mon Sep 21 05:41:15 2026
	INET/inet_error: read errno = 10054, client host = honor2025, address = ::1/63242, user = system


test-node	Mon Sep 21 05:47:15 2026
	INET/inet_error: read errno = 10054, client host = honor2025, address = ::1/63422, user = system


test-node	Mon Sep 21 05:47:15 2026
	INET/inet_error: read errno = 10054, client host = honor2025, address = ::1/63423, user = system


test-node	Mon Sep 21 05:48:15 2026
	INET/inet_error: read errno = 10054, client host = honor2025, address = ::1/63445, user = system


test-node	Mon Sep 21 05:55:22 2026
	INET/inet_error: read errno = 10054, client host = honor2025, address = ::1/63623, user = system


test-node	Mon Sep 21 05:55:22 2026
	INET/inet_error: read errno = 10054, client host = honor2025, address = ::1/63624, user = system


test-node	Mon Sep 21 05:56:53 2026
	INET/inet_error: read errno = 10054, client host = honor2025, address = ::1/63674, user = system


test-node	Mon Sep 21 05:59:22 2026
	INET/inet_error: read errno = 10054, client host = honor2025, address = ::1/63726, user = system


test-node	Mon Sep 21 10:54:22 2026
	INET/inet_error: read errno = 10054, client host = honor2025, address = ::1/56302, user = system


test-node	Mon Sep 21 10:54:52 2026
	XNET error: XNET server initialization failed. Probably another instance of server is already running.
	operating system directive CreateMutex failed
	Cannot create a file when that file already exists. 


test-node	Tue Sep 22 05:15:16 2026
	Database: C:\HQBIRDDATA\OUTPUT\FBMCP-SPIKE\WORK\VERIFY_SPIKE3.FDB
	Validation started


test-node	Tue Sep 22 05:15:16 2026
	Database: C:\HQBIRDDATA\OUTPUT\FBMCP-SPIKE\WORK\VERIFY_SPIKE3.FDB
	Validation finished: 0 errors, 0 warnings, 0 fixed


test-node	Tue Sep 22 14:41:21 2026
	INET/inet_error: read errno = 10054, client host = honor2025, address = ::1/61618, user = system


test-node	Tue Sep 22 14:41:21 2026
	INET/inet_error: read errno = 10054, client host = honor2025, address = ::1/61619, user = system


test-node	Tue Sep 22 20:21:34 2026
	INET/inet_error: read errno = 10054, client host = honor2025, address = ::1/49786, user = system


test-node	Tue Sep 22 20:21:34 2026
	INET/inet_error: read errno = 10054, client host = honor2025, address = ::1/49785, user = system


test-node	Wed Sep 23 05:15:03 2026
	Database: C:\HQBIRDDATA\OUTPUT\FBMCP-SPIKE\WORK\VERIFY_SPIKE3.FDB
	Validation started


test-node	Wed Sep 23 05:15:03 2026
	Database: C:\HQBIRDDATA\OUTPUT\FBMCP-SPIKE\WORK\VERIFY_SPIKE3.FDB
	Validation finished: 0 errors, 0 warnings, 0 fixed


test-node	Wed Sep 23 10:57:32 2026
	INET/inet_error: read errno = 10054, client host = test-node, address = 127.0.0.1/54236, user = aleks


test-node	Thu Sep 24 05:15:07 2026
	Database: C:\HQBIRDDATA\OUTPUT\FBMCP-SPIKE\WORK\VERIFY_SPIKE3.FDB
	Validation started


test-node	Thu Sep 24 05:15:07 2026
	Database: C:\HQBIRDDATA\OUTPUT\FBMCP-SPIKE\WORK\VERIFY_SPIKE3.FDB
	Validation finished: 0 errors, 0 warnings, 0 fixed


test-node	Fri Sep 25 05:15:10 2026
	Database: C:\HQBIRDDATA\OUTPUT\FBMCP-SPIKE\WORK\VERIFY_SPIKE3.FDB
	Validation started


test-node	Fri Sep 25 05:15:10 2026
	Database: C:\HQBIRDDATA\OUTPUT\FBMCP-SPIKE\WORK\VERIFY_SPIKE3.FDB
	Validation finished: 0 errors, 0 warnings, 0 fixed


test-node	Fri Sep 25 12:27:30 2026
	INET/inet_error: read errno = 10054, client host = test-node, address = 127.0.0.1/64408, user = aleks


test-node	Sat Sep 26 05:15:13 2026
	Database: C:\HQBIRDDATA\OUTPUT\FBMCP-SPIKE\WORK\VERIFY_SPIKE3.FDB
	Validation started


test-node	Sat Sep 26 05:15:13 2026
	Database: C:\HQBIRDDATA\OUTPUT\FBMCP-SPIKE\WORK\VERIFY_SPIKE3.FDB
	Validation finished: 0 errors, 0 warnings, 0 fixed


test-node	Sat Sep 26 17:33:32 2026
	INET/inet_error: read errno = 10054, client host = test-node, address = ::1/53533, user = aleks


test-node	Sat Sep 26 17:33:43 2026
	INET/inet_error: read errno = 10054, client host = test-node, address = ::1/53576, user = aleks


test-node	Sun Sep 27 05:15:02 2026
	Database: C:\HQBIRDDATA\OUTPUT\FBMCP-SPIKE\WORK\VERIFY_SPIKE3.FDB
	Validation started


test-node	Sun Sep 27 05:15:02 2026
	Database: C:\HQBIRDDATA\OUTPUT\FBMCP-SPIKE\WORK\VERIFY_SPIKE3.FDB
	Validation finished: 0 errors, 0 warnings, 0 fixed


test-node	Sun Sep 27 09:37:04 2026
	INET/inet_error: read errno = 10054, client host = test-node, address = 127.0.0.1/58353, user = aleks


test-node	Sun Sep 27 09:38:30 2026
	INET/inet_error: read errno = 10054, client host = test-node, address = 127.0.0.1/53291, user = aleks


test-node	Sun Sep 27 09:49:51 2026
	INET/inet_error: read errno = 10054, client host = test-node, address = 127.0.0.1/60113, user = aleks


test-node	Sun Sep 27 09:59:27 2026
	INET/inet_error: read errno = 10054, client host = test-node, address = 127.0.0.1/56892, user = aleks


test-node	Sun Sep 27 14:27:48 2026
	INET/inet_error: read errno = 10054, client host = test-node, address = 127.0.0.1/64557, user = aleks


test-node	Mon Sep 28 05:15:06 2026
	Database: C:\HQBIRDDATA\OUTPUT\FBMCP-SPIKE\WORK\VERIFY_SPIKE3.FDB
	Validation started


test-node	Mon Sep 28 05:15:06 2026
	Database: C:\HQBIRDDATA\OUTPUT\FBMCP-SPIKE\WORK\VERIFY_SPIKE3.FDB
	Validation finished: 0 errors, 0 warnings, 0 fixed


test-node	Mon Sep 28 12:18:21 2026
	INET/inet_error: read errno = 10054, client host = honor2025, address = ::1/62922, user = system


test-node	Mon Sep 28 12:18:21 2026
	INET/inet_error: read errno = 10054, client host = honor2025, address = ::1/62923, user = system


test-node	Mon Sep 28 16:09:04 2026
	INET/inet_error: read errno = 10054, client host = honor2025, address = ::1/56948, user = system


test-node	Mon Sep 28 16:09:04 2026
	INET/inet_error: read errno = 10054, client host = honor2025, address = ::1/56947, user = system


test-node	Mon Sep 28 20:10:49 2026
	INET/inet_error: read errno = 10054, client host = test-node, address = 127.0.0.1/56961, user = aleks


test-node	Tue Sep 29 00:10:29 2026
	DEBUG_LCK_LIST: found not detached lock 0x00000000292A2610 in deleting pool 0x000000002921A660


test-node	Tue Sep 29 00:10:39 2026
	DEBUG_LCK_LIST: found not detached lock 0x00000000281E6690 in deleting pool 0x00000000277E5570


test-node	Tue Sep 29 00:13:01 2026
	INET/inet_error: read errno = 10054, client host = test-node, address = ::1/60646, user = aleks


test-node	Tue Sep 29 00:15:35 2026
	INET/inet_error: read errno = 10054, client host = test-node, address = ::1/57278, user = aleks


test-node	Tue Sep 29 02:54:06 2026
	INET/inet_error: read errno = 10054, client host = honor2025, address = ::1/57582, user = system


test-node	Tue Sep 29 02:54:06 2026
	INET/inet_error: read errno = 10054, client host = honor2025, address = ::1/57583, user = system


test-node	Tue Sep 29 09:17:49 2026
	INET/inet_error: read errno = 10054, client host = test-node, address = 127.0.0.1/56786, user = aleks


test-node	Tue Sep 29 09:18:33 2026
	INET/inet_error: read errno = 10054, client host = honor2025, address = ::1/63983, user = system


test-node	Tue Sep 29 09:18:33 2026
	INET/inet_error: read errno = 10054, client host = honor2025, address = ::1/63984, user = system


test-node	Tue Sep 29 09:19:03 2026
	XNET error: XNET server initialization failed. Probably another instance of server is already running.
	operating system directive CreateMutex failed
	Cannot create a file when that file already exists. 


test-node	Tue Sep 29 21:37:22 2026
	INET/inet_error: read errno = 10054, client host = honor2025, address = ::1/49796, user = system


test-node	Tue Sep 29 21:37:22 2026
	INET/inet_error: read errno = 10054, client host = honor2025, address = ::1/49797, user = system


test-node	Tue Sep 29 23:18:30 2026
	INET/inet_error: read errno = 10054, client host = honor2025, address = ::1/61466, user = system


test-node	Tue Sep 29 23:18:30 2026
	INET/inet_error: read errno = 10054, client host = honor2025, address = ::1/61471, user = system


test-node	Tue Sep 29 23:19:30 2026
	INET/inet_error: read errno = 10054, client host = honor2025, address = ::1/60706, user = system


test-node	Tue Sep 29 23:20:30 2026
	INET/inet_error: read errno = 10054, client host = honor2025, address = ::1/54490, user = system


test-node	Tue Sep 29 23:20:30 2026
	INET/inet_error: read errno = 10054, client host = honor2025, address = ::1/54495, user = system


test-node	Tue Sep 29 23:21:30 2026
	INET/inet_error: read errno = 10054, client host = honor2025, address = ::1/54850, user = system


test-node	Tue Sep 29 23:21:35 2026
	INET/inet_error: read errno = 10054, client host = test-node, address = ::1/61107, user = aleks


test-node	Tue Sep 29 23:21:35 2026
	INET/inet_error: read errno = 10054, client host = test-node, address = ::1/61119, user = aleks


test-node	Tue Sep 29 23:21:35 2026
	INET/inet_error: read errno = 10054, client host = test-node, address = ::1/61118, user = aleks


test-node	Tue Sep 29 23:21:35 2026
	INET/inet_error: read errno = 10054, client host = test-node, address = ::1/61114, user = aleks


test-node	Tue Sep 29 23:22:30 2026
	INET/inet_error: read errno = 10054, client host = honor2025, address = ::1/54909, user = system


test-node	Tue Sep 29 23:22:30 2026
	INET/inet_error: read errno = 10054, client host = honor2025, address = ::1/54905, user = system


test-node	Tue Sep 29 23:23:28 2026
	INET/inet_error: read errno = 10054, client host = test-node, address = ::1/54941, user = aleks


test-node	Tue Sep 29 23:23:28 2026
	INET/inet_error: read errno = 10054, client host = test-node, address = ::1/55092, user = aleks


test-node	Tue Sep 29 23:23:30 2026
	INET/inet_error: read errno = 10054, client host = honor2025, address = ::1/55201, user = system


test-node	Tue Sep 29 23:24:30 2026
	INET/inet_error: read errno = 10054, client host = honor2025, address = ::1/54759, user = system


test-node	Tue Sep 29 23:24:30 2026
	INET/inet_error: read errno = 10054, client host = honor2025, address = ::1/54757, user = system


test-node	Tue Sep 29 23:25:30 2026
	INET/inet_error: read errno = 10054, client host = honor2025, address = ::1/55072, user = system


test-node	Tue Sep 29 23:26:30 2026
	INET/inet_error: read errno = 10054, client host = honor2025, address = ::1/52306, user = system


test-node	Tue Sep 29 23:26:30 2026
	INET/inet_error: read errno = 10054, client host = honor2025, address = ::1/52307, user = system


test-node	Tue Sep 29 23:26:41 2026
	INET/inet_error: read errno = 10054, client host = honor2025, address = ::1/59202, user = aleks


test-node	Tue Sep 29 23:27:30 2026
	INET/inet_error: read errno = 10054, client host = honor2025, address = ::1/55402, user = system


test-node	Tue Sep 29 23:28:30 2026
	INET/inet_error: read errno = 10054, client host = honor2025, address = ::1/55722, user = system


test-node	Tue Sep 29 23:28:30 2026
	INET/inet_error: read errno = 10054, client host = honor2025, address = ::1/55728, user = system


test-node	Tue Sep 29 23:28:44 2026
	INET/inet_error: read errno = 10054, client host = honor2025, address = ::1/56325, user = aleks


test-node	Tue Sep 29 23:29:30 2026
	INET/inet_error: read errno = 10054, client host = honor2025, address = ::1/52447, user = system


test-node	Tue Sep 29 23:30:30 2026
	INET/inet_error: read errno = 10054, client host = honor2025, address = ::1/53364, user = system


test-node	Tue Sep 29 23:30:30 2026
	INET/inet_error: read errno = 10054, client host = honor2025, address = ::1/53372, user = system


test-node	Tue Sep 29 23:31:30 2026
	INET/inet_error: read errno = 10054, client host = honor2025, address = ::1/58928, user = system


test-node	Tue Sep 29 23:32:30 2026
	INET/inet_error: read errno = 10054, client host = honor2025, address = ::1/49681, user = system


test-node	Tue Sep 29 23:32:30 2026
	INET/inet_error: read errno = 10054, client host = honor2025, address = ::1/49691, user = system


test-node	Tue Sep 29 23:33:30 2026
	INET/inet_error: read errno = 10054, client host = honor2025, address = ::1/50097, user = system


test-node	Tue Sep 29 23:34:30 2026
	INET/inet_error: read errno = 10054, client host = honor2025, address = ::1/61701, user = system


test-node	Tue Sep 29 23:34:30 2026
	INET/inet_error: read errno = 10054, client host = honor2025, address = ::1/61702, user = system


test-node	Tue Sep 29 23:35:30 2026
	INET/inet_error: read errno = 10054, client host = honor2025, address = ::1/61983, user = system


test-node	Tue Sep 29 23:36:30 2026
	INET/inet_error: read errno = 10054, client host = honor2025, address = ::1/57347, user = system


test-node	Tue Sep 29 23:36:30 2026
	INET/inet_error: read errno = 10054, client host = honor2025, address = ::1/57350, user = system


test-node	Tue Sep 29 23:37:30 2026
	INET/inet_error: read errno = 10054, client host = honor2025, address = ::1/49806, user = system


test-node	Tue Sep 29 23:38:30 2026
	INET/inet_error: read errno = 10054, client host = honor2025, address = ::1/50120, user = system


test-node	Tue Sep 29 23:38:30 2026
	INET/inet_error: read errno = 10054, client host = honor2025, address = ::1/50122, user = system


test-node	Tue Sep 29 23:39:30 2026
	INET/inet_error: read errno = 10054, client host = honor2025, address = ::1/64984, user = system


test-node	Tue Sep 29 23:40:30 2026
	INET/inet_error: read errno = 10054, client host = honor2025, address = ::1/65241, user = system


test-node	Tue Sep 29 23:40:30 2026
	INET/inet_error: read errno = 10054, client host = honor2025, address = ::1/65250, user = system


test-node	Tue Sep 29 23:41:30 2026
	INET/inet_error: read errno = 10054, client host = honor2025, address = ::1/65507, user = system


test-node	Tue Sep 29 23:42:30 2026
	INET/inet_error: read errno = 10054, client host = honor2025, address = ::1/62540, user = system


test-node	Tue Sep 29 23:42:30 2026
	INET/inet_error: read errno = 10054, client host = honor2025, address = ::1/62542, user = system


test-node	Tue Sep 29 23:43:30 2026
	INET/inet_error: read errno = 10054, client host = honor2025, address = ::1/62815, user = system


test-node	Tue Sep 29 23:44:30 2026
	INET/inet_error: read errno = 10054, client host = honor2025, address = ::1/65006, user = system


test-node	Tue Sep 29 23:44:30 2026
	INET/inet_error: read errno = 10054, client host = honor2025, address = ::1/65003, user = system


test-node	Tue Sep 29 23:45:30 2026
	INET/inet_error: read errno = 10054, client host = honor2025, address = ::1/65278, user = system


test-node	Tue Sep 29 23:46:30 2026
	INET/inet_error: read errno = 10054, client host = honor2025, address = ::1/50958, user = system


test-node	Tue Sep 29 23:46:30 2026
	INET/inet_error: read errno = 10054, client host = honor2025, address = ::1/50949, user = system


test-node	Tue Sep 29 23:47:30 2026
	INET/inet_error: read errno = 10054, client host = honor2025, address = ::1/54143, user = system


test-node	Tue Sep 29 23:48:30 2026
	INET/inet_error: read errno = 10054, client host = honor2025, address = ::1/54390, user = system


test-node	Tue Sep 29 23:48:30 2026
	INET/inet_error: read errno = 10054, client host = honor2025, address = ::1/54391, user = system


test-node	Tue Sep 29 23:49:30 2026
	INET/inet_error: read errno = 10054, client host = honor2025, address = ::1/62274, user = system


test-node	Tue Sep 29 23:50:30 2026
	INET/inet_error: read errno = 10054, client host = honor2025, address = ::1/62541, user = system


test-node	Tue Sep 29 23:50:30 2026
	INET/inet_error: read errno = 10054, client host = honor2025, address = ::1/62535, user = system


test-node	Tue Sep 29 23:51:30 2026
	INET/inet_error: read errno = 10054, client host = honor2025, address = ::1/62815, user = system


test-node	Tue Sep 29 23:52:30 2026
	INET/inet_error: read errno = 10054, client host = honor2025, address = ::1/54657, user = system


test-node	Tue Sep 29 23:52:30 2026
	INET/inet_error: read errno = 10054, client host = honor2025, address = ::1/54656, user = system


test-node	Tue Sep 29 23:53:30 2026
	INET/inet_error: read errno = 10054, client host = honor2025, address = ::1/55202, user = system


test-node	Tue Sep 29 23:54:30 2026
	INET/inet_error: read errno = 10054, client host = honor2025, address = ::1/64981, user = system


test-node	Tue Sep 29 23:54:30 2026
	INET/inet_error: read errno = 10054, client host = honor2025, address = ::1/64984, user = system


test-node	Tue Sep 29 23:55:30 2026
	INET/inet_error: read errno = 10054, client host = honor2025, address = ::1/65253, user = system


test-node	Tue Sep 29 23:56:30 2026
	INET/inet_error: read errno = 10054, client host = honor2025, address = ::1/56329, user = system


test-node	Tue Sep 29 23:56:30 2026
	INET/inet_error: read errno = 10054, client host = honor2025, address = ::1/56323, user = system


test-node	Tue Sep 29 23:57:30 2026
	INET/inet_error: read errno = 10054, client host = honor2025, address = ::1/64036, user = system


test-node	Tue Sep 29 23:58:30 2026
	INET/inet_error: read errno = 10054, client host = honor2025, address = ::1/64324, user = system


test-node	Tue Sep 29 23:58:30 2026
	INET/inet_error: read errno = 10054, client host = honor2025, address = ::1/64320, user = system


test-node	Tue Sep 29 23:59:30 2026
	INET/inet_error: read errno = 10054, client host = honor2025, address = ::1/56942, user = system


test-node	Wed Sep 30 00:00:30 2026
	INET/inet_error: read errno = 10054, client host = honor2025, address = ::1/57217, user = system


test-node	Wed Sep 30 00:00:30 2026
	INET/inet_error: read errno = 10054, client host = honor2025, address = ::1/57231, user = system


test-node	Wed Sep 30 00:01:30 2026
	INET/inet_error: read errno = 10054, client host = honor2025, address = ::1/50987, user = system


test-node	Wed Sep 30 00:02:30 2026
	INET/inet_error: read errno = 10054, client host = honor2025, address = ::1/55142, user = system


test-node	Wed Sep 30 00:02:30 2026
	INET/inet_error: read errno = 10054, client host = honor2025, address = ::1/55144, user = system


test-node	Wed Sep 30 00:03:30 2026
	INET/inet_error: read errno = 10054, client host = honor2025, address = ::1/62154, user = system


test-node	Wed Sep 30 00:04:30 2026
	INET/inet_error: read errno = 10054, client host = honor2025, address = ::1/56330, user = system


test-node	Wed Sep 30 00:04:30 2026
	INET/inet_error: read errno = 10054, client host = honor2025, address = ::1/56336, user = system


test-node	Wed Sep 30 00:05:30 2026
	INET/inet_error: read errno = 10054, client host = honor2025, address = ::1/56607, user = system


test-node	Wed Sep 30 00:06:30 2026
	INET/inet_error: read errno = 10054, client host = honor2025, address = ::1/56765, user = system


test-node	Wed Sep 30 00:06:30 2026
	INET/inet_error: read errno = 10054, client host = honor2025, address = ::1/56768, user = system


test-node	Wed Sep 30 00:07:30 2026
	INET/inet_error: read errno = 10054, client host = honor2025, address = ::1/62473, user = system


test-node	Wed Sep 30 00:08:30 2026
	INET/inet_error: read errno = 10054, client host = honor2025, address = ::1/62997, user = system


test-node	Wed Sep 30 00:08:30 2026
	INET/inet_error: read errno = 10054, client host = honor2025, address = ::1/63001, user = system


test-node	Wed Sep 30 00:09:30 2026
	INET/inet_error: read errno = 10054, client host = honor2025, address = ::1/58777, user = system


test-node	Wed Sep 30 00:10:30 2026
	INET/inet_error: read errno = 10054, client host = honor2025, address = ::1/59052, user = system


test-node	Wed Sep 30 00:10:30 2026
	INET/inet_error: read errno = 10054, client host = honor2025, address = ::1/59051, user = system


test-node	Wed Sep 30 00:11:30 2026
	INET/inet_error: read errno = 10054, client host = honor2025, address = ::1/59369, user = system


test-node	Wed Sep 30 00:12:30 2026
	INET/inet_error: read errno = 10054, client host = honor2025, address = ::1/55471, user = system


test-node	Wed Sep 30 00:12:30 2026
	INET/inet_error: read errno = 10054, client host = honor2025, address = ::1/55465, user = system


test-node	Wed Sep 30 00:13:30 2026
	INET/inet_error: read errno = 10054, client host = honor2025, address = ::1/55754, user = system


test-node	Wed Sep 30 00:14:30 2026
	INET/inet_error: read errno = 10054, client host = honor2025, address = ::1/59398, user = system


test-node	Wed Sep 30 00:14:30 2026
	INET/inet_error: read errno = 10054, client host = honor2025, address = ::1/59397, user = system


test-node	Wed Sep 30 00:15:30 2026
	INET/inet_error: read errno = 10054, client host = honor2025, address = ::1/51981, user = system


test-node	Wed Sep 30 00:16:30 2026
	INET/inet_error: read errno = 10054, client host = honor2025, address = ::1/53370, user = system


test-node	Wed Sep 30 00:16:30 2026
	INET/inet_error: read errno = 10054, client host = honor2025, address = ::1/53368, user = system


test-node	Wed Sep 30 00:17:30 2026
	INET/inet_error: read errno = 10054, client host = honor2025, address = ::1/58774, user = system


test-node	Wed Sep 30 00:18:30 2026
	INET/inet_error: read errno = 10054, client host = honor2025, address = ::1/59317, user = system


test-node	Wed Sep 30 00:18:30 2026
	INET/inet_error: read errno = 10054, client host = honor2025, address = ::1/59316, user = system


test-node	Wed Sep 30 00:19:30 2026
	INET/inet_error: read errno = 10054, client host = honor2025, address = ::1/53642, user = system


test-node	Wed Sep 30 00:20:30 2026
	INET/inet_error: read errno = 10054, client host = honor2025, address = ::1/53887, user = system


test-node	Wed Sep 30 00:20:30 2026
	INET/inet_error: read errno = 10054, client host = honor2025, address = ::1/53895, user = system


test-node	Wed Sep 30 00:21:30 2026
	INET/inet_error: read errno = 10054, client host = honor2025, address = ::1/54146, user = system


test-node	Wed Sep 30 00:22:30 2026
	INET/inet_error: read errno = 10054, client host = honor2025, address = ::1/49923, user = system


test-node	Wed Sep 30 00:22:30 2026
	INET/inet_error: read errno = 10054, client host = honor2025, address = ::1/49919, user = system


test-node	Wed Sep 30 00:23:30 2026
	INET/inet_error: read errno = 10054, client host = honor2025, address = ::1/50215, user = system


test-node	Wed Sep 30 00:24:30 2026
	INET/inet_error: read errno = 10054, client host = honor2025, address = ::1/62816, user = system


test-node	Wed Sep 30 00:24:30 2026
	INET/inet_error: read errno = 10054, client host = honor2025, address = ::1/62823, user = system


test-node	Wed Sep 30 00:25:30 2026
	INET/inet_error: read errno = 10054, client host = honor2025, address = ::1/54949, user = system


test-node	Wed Sep 30 00:26:30 2026
	INET/inet_error: read errno = 10054, client host = honor2025, address = ::1/55445, user = system


test-node	Wed Sep 30 00:26:30 2026
	INET/inet_error: read errno = 10054, client host = honor2025, address = ::1/55449, user = system


test-node	Wed Sep 30 00:27:30 2026
	INET/inet_error: read errno = 10054, client host = honor2025, address = ::1/63240, user = system


test-node	Wed Sep 30 00:28:30 2026
	INET/inet_error: read errno = 10054, client host = honor2025, address = ::1/63601, user = system


test-node	Wed Sep 30 00:28:30 2026
	INET/inet_error: read errno = 10054, client host = honor2025, address = ::1/63606, user = system


test-node	Wed Sep 30 00:29:30 2026
	INET/inet_error: read errno = 10054, client host = honor2025, address = ::1/62002, user = system


test-node	Wed Sep 30 00:30:30 2026
	INET/inet_error: read errno = 10054, client host = honor2025, address = ::1/62259, user = system


test-node	Wed Sep 30 00:30:30 2026
	INET/inet_error: read errno = 10054, client host = honor2025, address = ::1/62274, user = system


test-node	Wed Sep 30 00:31:30 2026
	INET/inet_error: read errno = 10054, client host = honor2025, address = ::1/55014, user = system


test-node	Wed Sep 30 00:32:30 2026
	INET/inet_error: read errno = 10054, client host = honor2025, address = ::1/57194, user = system


test-node	Wed Sep 30 00:32:30 2026
	INET/inet_error: read errno = 10054, client host = honor2025, address = ::1/57198, user = system


test-node	Wed Sep 30 00:33:30 2026
	INET/inet_error: read errno = 10054, client host = honor2025, address = ::1/52651, user = system


test-node	Wed Sep 30 00:34:30 2026
	INET/inet_error: read errno = 10054, client host = honor2025, address = ::1/65006, user = system


test-node	Wed Sep 30 00:34:30 2026
	INET/inet_error: read errno = 10054, client host = honor2025, address = ::1/65008, user = system


test-node	Wed Sep 30 00:35:30 2026
	INET/inet_error: read errno = 10054, client host = honor2025, address = ::1/63704, user = system


test-node	Wed Sep 30 00:36:30 2026
	INET/inet_error: read errno = 10054, client host = honor2025, address = ::1/64324, user = system


test-node	Wed Sep 30 00:36:30 2026
	INET/inet_error: read errno = 10054, client host = honor2025, address = ::1/64334, user = system


test-node	Wed Sep 30 00:37:30 2026
	INET/inet_error: read errno = 10054, client host = honor2025, address = ::1/61237, user = system


test-node	Wed Sep 30 00:38:30 2026
	INET/inet_error: read errno = 10054, client host = honor2025, address = ::1/61465, user = system


test-node	Wed Sep 30 00:38:30 2026
	INET/inet_error: read errno = 10054, client host = honor2025, address = ::1/61461, user = system


test-node	Wed Sep 30 00:39:30 2026
	INET/inet_error: read errno = 10054, client host = honor2025, address = ::1/52763, user = system


test-node	Wed Sep 30 00:40:30 2026
	INET/inet_error: read errno = 10054, client host = honor2025, address = ::1/53007, user = system


test-node	Wed Sep 30 00:40:30 2026
	INET/inet_error: read errno = 10054, client host = honor2025, address = ::1/53000, user = system


test-node	Wed Sep 30 00:41:30 2026
	INET/inet_error: read errno = 10054, client host = honor2025, address = ::1/51784, user = system


test-node	Wed Sep 30 00:42:30 2026
	INET/inet_error: read errno = 10054, client host = honor2025, address = ::1/55146, user = system


test-node	Wed Sep 30 00:42:30 2026
	INET/inet_error: read errno = 10054, client host = honor2025, address = ::1/55138, user = system


test-node	Wed Sep 30 00:43:30 2026
	INET/inet_error: read errno = 10054, client host = honor2025, address = ::1/55800, user = system


test-node	Wed Sep 30 00:44:30 2026
	INET/inet_error: read errno = 10054, client host = honor2025, address = ::1/59248, user = system


test-node	Wed Sep 30 00:44:30 2026
	INET/inet_error: read errno = 10054, client host = honor2025, address = ::1/59251, user = system


test-node	Wed Sep 30 00:45:30 2026
	INET/inet_error: read errno = 10054, client host = honor2025, address = ::1/59482, user = system


test-node	Wed Sep 30 00:46:30 2026
	INET/inet_error: read errno = 10054, client host = honor2025, address = ::1/61203, user = system


test-node	Wed Sep 30 00:46:30 2026
	INET/inet_error: read errno = 10054, client host = honor2025, address = ::1/61201, user = system


test-node	Wed Sep 30 00:47:30 2026
	INET/inet_error: read errno = 10054, client host = honor2025, address = ::1/49299, user = system


test-node	Wed Sep 30 00:48:30 2026
	INET/inet_error: read errno = 10054, client host = honor2025, address = ::1/49895, user = system


test-node	Wed Sep 30 00:48:30 2026
	INET/inet_error: read errno = 10054, client host = honor2025, address = ::1/49894, user = system


test-node	Wed Sep 30 00:49:30 2026
	INET/inet_error: read errno = 10054, client host = honor2025, address = ::1/61120, user = system


test-node	Wed Sep 30 00:50:30 2026
	INET/inet_error: read errno = 10054, client host = honor2025, address = ::1/61354, user = system


test-node	Wed Sep 30 00:50:30 2026
	INET/inet_error: read errno = 10054, client host = honor2025, address = ::1/61362, user = system


test-node	Wed Sep 30 00:51:30 2026
	INET/inet_error: read errno = 10054, client host = honor2025, address = ::1/61777, user = system


test-node	Wed Sep 30 00:52:30 2026
	INET/inet_error: read errno = 10054, client host = honor2025, address = ::1/50579, user = system


test-node	Wed Sep 30 00:52:30 2026
	INET/inet_error: read errno = 10054, client host = honor2025, address = ::1/50582, user = system


test-node	Wed Sep 30 00:53:30 2026
	INET/inet_error: read errno = 10054, client host = honor2025, address = ::1/50896, user = system


test-node	Wed Sep 30 00:54:30 2026
	INET/inet_error: read errno = 10054, client host = honor2025, address = ::1/49975, user = system


test-node	Wed Sep 30 00:54:30 2026
	INET/inet_error: read errno = 10054, client host = honor2025, address = ::1/49976, user = system


test-node	Wed Sep 30 00:55:30 2026
	INET/inet_error: read errno = 10054, client host = honor2025, address = ::1/49933, user = system


test-node	Wed Sep 30 00:56:30 2026
	INET/inet_error: read errno = 10054, client host = honor2025, address = ::1/58701, user = system


test-node	Wed Sep 30 00:56:30 2026
	INET/inet_error: read errno = 10054, client host = honor2025, address = ::1/58706, user = system


test-node	Wed Sep 30 00:57:30 2026
	INET/inet_error: read errno = 10054, client host = honor2025, address = ::1/55986, user = system


test-node	Wed Sep 30 00:58:30 2026
	INET/inet_error: read errno = 10054, client host = honor2025, address = ::1/56229, user = system


test-node	Wed Sep 30 00:58:30 2026
	INET/inet_error: read errno = 10054, client host = honor2025, address = ::1/56233, user = system


test-node	Wed Sep 30 00:59:30 2026
	INET/inet_error: read errno = 10054, client host = honor2025, address = ::1/50664, user = system


test-node	Wed Sep 30 01:00:30 2026
	INET/inet_error: read errno = 10054, client host = honor2025, address = ::1/50916, user = system


test-node	Wed Sep 30 01:00:30 2026
	INET/inet_error: read errno = 10054, client host = honor2025, address = ::1/50915, user = system


test-node	Wed Sep 30 01:01:30 2026
	INET/inet_error: read errno = 10054, client host = honor2025, address = ::1/58736, user = system


test-node	Wed Sep 30 01:02:30 2026
	INET/inet_error: read errno = 10054, client host = honor2025, address = ::1/56489, user = system


test-node	Wed Sep 30 01:02:30 2026
	INET/inet_error: read errno = 10054, client host = honor2025, address = ::1/56486, user = system


test-node	Wed Sep 30 01:03:30 2026
	INET/inet_error: read errno = 10054, client host = honor2025, address = ::1/55219, user = system


test-node	Wed Sep 30 01:04:30 2026
	INET/inet_error: read errno = 10054, client host = honor2025, address = ::1/62362, user = system


test-node	Wed Sep 30 01:04:30 2026
	INET/inet_error: read errno = 10054, client host = honor2025, address = ::1/62356, user = system


test-node	Wed Sep 30 01:05:30 2026
	INET/inet_error: read errno = 10054, client host = honor2025, address = ::1/62633, user = system


test-node	Wed Sep 30 01:06:30 2026
	INET/inet_error: read errno = 10054, client host = honor2025, address = ::1/55132, user = system


test-node	Wed Sep 30 01:06:30 2026
	INET/inet_error: read errno = 10054, client host = honor2025, address = ::1/55140, user = system


test-node	Wed Sep 30 01:07:30 2026
	INET/inet_error: read errno = 10054, client host = honor2025, address = ::1/59535, user = system


test-node	Wed Sep 30 01:08:30 2026
	INET/inet_error: read errno = 10054, client host = honor2025, address = ::1/59765, user = system


test-node	Wed Sep 30 01:08:30 2026
	INET/inet_error: read errno = 10054, client host = honor2025, address = ::1/59768, user = system


test-node	Wed Sep 30 01:09:30 2026
	INET/inet_error: read errno = 10054, client host = honor2025, address = ::1/56610, user = system


test-node	Wed Sep 30 01:10:30 2026
	INET/inet_error: read errno = 10054, client host = honor2025, address = ::1/56867, user = system


test-node	Wed Sep 30 01:10:30 2026
	INET/inet_error: read errno = 10054, client host = honor2025, address = ::1/56872, user = system


test-node	Wed Sep 30 01:11:30 2026
	INET/inet_error: read errno = 10054, client host = honor2025, address = ::1/57107, user = system


test-node	Wed Sep 30 01:12:30 2026
	INET/inet_error: read errno = 10054, client host = honor2025, address = ::1/50095, user = system


test-node	Wed Sep 30 01:12:30 2026
	INET/inet_error: read errno = 10054, client host = honor2025, address = ::1/50101, user = system


test-node	Wed Sep 30 01:13:30 2026
	INET/inet_error: read errno = 10054, client host = honor2025, address = ::1/50337, user = system


test-node	Wed Sep 30 01:14:30 2026
	INET/inet_error: read errno = 10054, client host = honor2025, address = ::1/53671, user = system


test-node	Wed Sep 30 01:14:30 2026
	INET/inet_error: read errno = 10054, client host = honor2025, address = ::1/53674, user = system


test-node	Wed Sep 30 01:15:30 2026
	INET/inet_error: read errno = 10054, client host = honor2025, address = ::1/55786, user = system


test-node	Wed Sep 30 01:16:30 2026
	INET/inet_error: read errno = 10054, client host = honor2025, address = ::1/55053, user = system


test-node	Wed Sep 30 01:16:30 2026
	INET/inet_error: read errno = 10054, client host = honor2025, address = ::1/55050, user = system


test-node	Wed Sep 30 01:17:30 2026
	INET/inet_error: read errno = 10054, client host = honor2025, address = ::1/58674, user = system


test-node	Wed Sep 30 01:18:30 2026
	INET/inet_error: read errno = 10054, client host = honor2025, address = ::1/58916, user = system


test-node	Wed Sep 30 01:18:30 2026
	INET/inet_error: read errno = 10054, client host = honor2025, address = ::1/58918, user = system


test-node	Wed Sep 30 01:19:30 2026
	INET/inet_error: read errno = 10054, client host = honor2025, address = ::1/52843, user = system


test-node	Wed Sep 30 01:20:30 2026
	INET/inet_error: read errno = 10054, client host = honor2025, address = ::1/53081, user = system


test-node	Wed Sep 30 01:20:30 2026
	INET/inet_error: read errno = 10054, client host = honor2025, address = ::1/53080, user = system


test-node	Wed Sep 30 01:21:30 2026
	INET/inet_error: read errno = 10054, client host = honor2025, address = ::1/53351, user = system


test-node	Wed Sep 30 01:22:30 2026
	INET/inet_error: read errno = 10054, client host = honor2025, address = ::1/59520, user = system


test-node	Wed Sep 30 01:22:30 2026
	INET/inet_error: read errno = 10054, client host = honor2025, address = ::1/59523, user = system


test-node	Wed Sep 30 01:23:30 2026
	INET/inet_error: read errno = 10054, client host = honor2025, address = ::1/59752, user = system


test-node	Wed Sep 30 01:24:30 2026
	INET/inet_error: read errno = 10054, client host = honor2025, address = ::1/64498, user = system


test-node	Wed Sep 30 01:24:30 2026
	INET/inet_error: read errno = 10054, client host = honor2025, address = ::1/64501, user = system


test-node	Wed Sep 30 01:25:30 2026
	INET/inet_error: read errno = 10054, client host = honor2025, address = ::1/64766, user = system


test-node	Wed Sep 30 01:26:30 2026
	INET/inet_error: read errno = 10054, client host = honor2025, address = ::1/56327, user = system


test-node	Wed Sep 30 01:26:30 2026
	INET/inet_error: read errno = 10054, client host = honor2025, address = ::1/56333, user = system


test-node	Wed Sep 30 01:27:30 2026
	INET/inet_error: read errno = 10054, client host = honor2025, address = ::1/52875, user = system


test-node	Wed Sep 30 01:28:30 2026
	INET/inet_error: read errno = 10054, client host = honor2025, address = ::1/53110, user = system


test-node	Wed Sep 30 01:28:30 2026
	INET/inet_error: read errno = 10054, client host = honor2025, address = ::1/53111, user = system


test-node	Wed Sep 30 01:29:30 2026
	INET/inet_error: read errno = 10054, client host = honor2025, address = ::1/50275, user = system


test-node	Wed Sep 30 01:30:30 2026
	INET/inet_error: read errno = 10054, client host = honor2025, address = ::1/50530, user = system


test-node	Wed Sep 30 01:30:30 2026
	INET/inet_error: read errno = 10054, client host = honor2025, address = ::1/50537, user = system


test-node	Wed Sep 30 01:31:30 2026
	INET/inet_error: read errno = 10054, client host = honor2025, address = ::1/57310, user = system


test-node	Wed Sep 30 01:32:30 2026
	INET/inet_error: read errno = 10054, client host = honor2025, address = ::1/50750, user = system


test-node	Wed Sep 30 01:32:30 2026
	INET/inet_error: read errno = 10054, client host = honor2025, address = ::1/50757, user = system


test-node	Wed Sep 30 01:33:30 2026
	INET/inet_error: read errno = 10054, client host = honor2025, address = ::1/50992, user = system


test-node	Wed Sep 30 01:34:30 2026
	INET/inet_error: read errno = 10054, client host = honor2025, address = ::1/64393, user = system


test-node	Wed Sep 30 01:34:30 2026
	INET/inet_error: read errno = 10054, client host = honor2025, address = ::1/64397, user = system


test-node	Wed Sep 30 01:35:30 2026
	INET/inet_error: read errno = 10054, client host = honor2025, address = ::1/64685, user = system


test-node	Wed Sep 30 01:36:30 2026
	INET/inet_error: read errno = 10054, client host = honor2025, address = ::1/58681, user = system


test-node	Wed Sep 30 01:36:30 2026
	INET/inet_error: read errno = 10054, client host = honor2025, address = ::1/58684, user = system


test-node	Wed Sep 30 01:36:36 2026
	INET/inet_error: read errno = 10054, client host = test-node, address = 127.0.0.1/56014, user = aleks


test-node	Wed Sep 30 01:37:30 2026
	INET/inet_error: read errno = 10054, client host = honor2025, address = ::1/60018, user = system


test-node	Wed Sep 30 01:38:30 2026
	INET/inet_error: read errno = 10054, client host = honor2025, address = ::1/57358, user = system


test-node	Wed Sep 30 01:38:30 2026
	INET/inet_error: read errno = 10054, client host = honor2025, address = ::1/57366, user = system


test-node	Wed Sep 30 01:39:30 2026
	INET/inet_error: read errno = 10054, client host = honor2025, address = ::1/58831, user = system


test-node	Wed Sep 30 01:40:30 2026
	INET/inet_error: read errno = 10054, client host = honor2025, address = ::1/59076, user = system


test-node	Wed Sep 30 01:40:30 2026
	INET/inet_error: read errno = 10054, client host = honor2025, address = ::1/59084, user = system


test-node	Wed Sep 30 01:41:30 2026
	INET/inet_error: read errno = 10054, client host = honor2025, address = ::1/59325, user = system


test-node	Wed Sep 30 01:42:30 2026
	INET/inet_error: read errno = 10054, client host = honor2025, address = ::1/58714, user = system


test-node	Wed Sep 30 01:42:30 2026
	INET/inet_error: read errno = 10054, client host = honor2025, address = ::1/58716, user = system


test-node	Wed Sep 30 01:43:30 2026
	INET/inet_error: read errno = 10054, client host = honor2025, address = ::1/54923, user = system


test-node	Wed Sep 30 01:44:30 2026
	INET/inet_error: read errno = 10054, client host = honor2025, address = ::1/55159, user = system


test-node	Wed Sep 30 01:44:30 2026
	INET/inet_error: read errno = 10054, client host = honor2025, address = ::1/55158, user = system


test-node	Wed Sep 30 01:45:30 2026
	INET/inet_error: read errno = 10054, client host = honor2025, address = ::1/55396, user = system


test-node	Wed Sep 30 01:46:30 2026
	INET/inet_error: read errno = 10054, client host = honor2025, address = ::1/51560, user = system


test-node	Wed Sep 30 01:46:30 2026
	INET/inet_error: read errno = 10054, client host = honor2025, address = ::1/51561, user = system


test-node	Wed Sep 30 01:47:30 2026
	INET/inet_error: read errno = 10054, client host = honor2025, address = ::1/50793, user = system


test-node	Wed Sep 30 01:48:30 2026
	INET/inet_error: read errno = 10054, client host = honor2025, address = ::1/54720, user = system


test-node	Wed Sep 30 01:48:30 2026
	INET/inet_error: read errno = 10054, client host = honor2025, address = ::1/54722, user = system


test-node	Wed Sep 30 01:49:30 2026
	INET/inet_error: read errno = 10054, client host = honor2025, address = ::1/54957, user = system


test-node	Wed Sep 30 01:50:30 2026
	INET/inet_error: read errno = 10054, client host = honor2025, address = ::1/55182, user = system


test-node	Wed Sep 30 01:50:30 2026
	INET/inet_error: read errno = 10054, client host = honor2025, address = ::1/55183, user = system


test-node	Wed Sep 30 01:51:30 2026
	INET/inet_error: read errno = 10054, client host = honor2025, address = ::1/55430, user = system


test-node	Wed Sep 30 01:52:30 2026
	INET/inet_error: read errno = 10054, client host = honor2025, address = ::1/55668, user = system


test-node	Wed Sep 30 01:52:30 2026
	INET/inet_error: read errno = 10054, client host = honor2025, address = ::1/55663, user = system


test-node	Wed Sep 30 01:53:30 2026
	INET/inet_error: read errno = 10054, client host = honor2025, address = ::1/54391, user = system


test-node	Wed Sep 30 01:54:30 2026
	INET/inet_error: read errno = 10054, client host = honor2025, address = ::1/54621, user = system


test-node	Wed Sep 30 01:54:30 2026
	INET/inet_error: read errno = 10054, client host = honor2025, address = ::1/54623, user = system


test-node	Wed Sep 30 01:55:30 2026
	INET/inet_error: read errno = 10054, client host = honor2025, address = ::1/54868, user = system


test-node	Wed Sep 30 01:56:30 2026
	INET/inet_error: read errno = 10054, client host = honor2025, address = ::1/65328, user = system


test-node	Wed Sep 30 01:56:30 2026
	INET/inet_error: read errno = 10054, client host = honor2025, address = ::1/65330, user = system


test-node	Wed Sep 30 01:57:30 2026
	INET/inet_error: read errno = 10054, client host = honor2025, address = ::1/56503, user = system


test-node	Wed Sep 30 01:58:30 2026
	INET/inet_error: read errno = 10054, client host = honor2025, address = ::1/50571, user = system


test-node	Wed Sep 30 01:58:30 2026
	INET/inet_error: read errno = 10054, client host = honor2025, address = ::1/50568, user = system


test-node	Wed Sep 30 01:59:30 2026
	INET/inet_error: read errno = 10054, client host = honor2025, address = ::1/50806, user = system


test-node	Wed Sep 30 02:00:30 2026
	INET/inet_error: read errno = 10054, client host = honor2025, address = ::1/51043, user = system


test-node	Wed Sep 30 02:00:30 2026
	INET/inet_error: read errno = 10054, client host = honor2025, address = ::1/51054, user = system


test-node	Wed Sep 30 02:01:30 2026
	INET/inet_error: read errno = 10054, client host = honor2025, address = ::1/59768, user = system


test-node	Wed Sep 30 02:02:30 2026
	INET/inet_error: read errno = 10054, client host = honor2025, address = ::1/63058, user = system


test-node	Wed Sep 30 02:02:30 2026
	INET/inet_error: read errno = 10054, client host = honor2025, address = ::1/63070, user = system


test-node	Wed Sep 30 02:03:30 2026
	INET/inet_error: read errno = 10054, client host = honor2025, address = ::1/65437, user = system


test-node	Wed Sep 30 02:04:30 2026
	INET/inet_error: read errno = 10054, client host = honor2025, address = ::1/49284, user = system


test-node	Wed Sep 30 02:04:30 2026
	INET/inet_error: read errno = 10054, client host = honor2025, address = ::1/49295, user = system


test-node	Wed Sep 30 02:05:30 2026
	INET/inet_error: read errno = 10054, client host = honor2025, address = ::1/49845, user = system


test-node	Wed Sep 30 02:06:30 2026
	INET/inet_error: read errno = 10054, client host = honor2025, address = ::1/62312, user = system


test-node	Wed Sep 30 02:06:30 2026
	INET/inet_error: read errno = 10054, client host = honor2025, address = ::1/62318, user = system


test-node	Wed Sep 30 02:07:30 2026
	INET/inet_error: read errno = 10054, client host = honor2025, address = ::1/60501, user = system


test-node	Wed Sep 30 02:08:30 2026
	INET/inet_error: read errno = 10054, client host = honor2025, address = ::1/56071, user = system


test-node	Wed Sep 30 02:08:30 2026
	INET/inet_error: read errno = 10054, client host = honor2025, address = ::1/56075, user = system


test-node	Wed Sep 30 02:09:30 2026
	INET/inet_error: read errno = 10054, client host = honor2025, address = ::1/56309, user = system


test-node	Wed Sep 30 02:10:30 2026
	INET/inet_error: read errno = 10054, client host = honor2025, address = ::1/56545, user = system


test-node	Wed Sep 30 02:10:30 2026
	INET/inet_error: read errno = 10054, client host = honor2025, address = ::1/56543, user = system


test-node	Wed Sep 30 02:11:30 2026
	INET/inet_error: read errno = 10054, client host = honor2025, address = ::1/56784, user = system


test-node	Wed Sep 30 02:12:30 2026
	INET/inet_error: read errno = 10054, client host = honor2025, address = ::1/59007, user = system


test-node	Wed Sep 30 02:12:30 2026
	INET/inet_error: read errno = 10054, client host = honor2025, address = ::1/59010, user = system


test-node	Wed Sep 30 02:13:30 2026
	INET/inet_error: read errno = 10054, client host = honor2025, address = ::1/55310, user = system


test-node	Wed Sep 30 02:14:30 2026
	INET/inet_error: read errno = 10054, client host = honor2025, address = ::1/55532, user = system


test-node	Wed Sep 30 02:14:30 2026
	INET/inet_error: read errno = 10054, client host = honor2025, address = ::1/55526, user = system


test-node	Wed Sep 30 02:15:30 2026
	INET/inet_error: read errno = 10054, client host = honor2025, address = ::1/64965, user = system


test-node	Wed Sep 30 02:16:30 2026
	INET/inet_error: read errno = 10054, client host = honor2025, address = ::1/52456, user = system


test-node	Wed Sep 30 02:16:30 2026
	INET/inet_error: read errno = 10054, client host = honor2025, address = ::1/52453, user = system


test-node	Wed Sep 30 02:17:30 2026
	INET/inet_error: read errno = 10054, client host = honor2025, address = ::1/58673, user = system


test-node	Wed Sep 30 02:18:30 2026
	INET/inet_error: read errno = 10054, client host = honor2025, address = ::1/53389, user = system


test-node	Wed Sep 30 02:18:30 2026
	INET/inet_error: read errno = 10054, client host = honor2025, address = ::1/53391, user = system


test-node	Wed Sep 30 02:19:30 2026
	INET/inet_error: read errno = 10054, client host = honor2025, address = ::1/53643, user = system


test-node	Wed Sep 30 02:20:30 2026
	INET/inet_error: read errno = 10054, client host = honor2025, address = ::1/59270, user = system


test-node	Wed Sep 30 02:20:30 2026
	INET/inet_error: read errno = 10054, client host = honor2025, address = ::1/59280, user = system


test-node	Wed Sep 30 02:21:30 2026
	INET/inet_error: read errno = 10054, client host = honor2025, address = ::1/61453, user = system


test-node	Wed Sep 30 02:22:30 2026
	INET/inet_error: read errno = 10054, client host = honor2025, address = ::1/57448, user = system


test-node	Wed Sep 30 02:22:30 2026
	INET/inet_error: read errno = 10054, client host = honor2025, address = ::1/57446, user = system


test-node	Wed Sep 30 02:23:30 2026
	INET/inet_error: read errno = 10054, client host = honor2025, address = ::1/64678, user = system


test-node	Wed Sep 30 02:24:30 2026
	INET/inet_error: read errno = 10054, client host = honor2025, address = ::1/64911, user = system


test-node	Wed Sep 30 02:24:30 2026
	INET/inet_error: read errno = 10054, client host = honor2025, address = ::1/64912, user = system


test-node	Wed Sep 30 02:25:30 2026
	INET/inet_error: read errno = 10054, client host = honor2025, address = ::1/65155, user = system


test-node	Wed Sep 30 02:26:30 2026
	INET/inet_error: read errno = 10054, client host = honor2025, address = ::1/58675, user = system


test-node	Wed Sep 30 02:26:30 2026
	INET/inet_error: read errno = 10054, client host = honor2025, address = ::1/58676, user = system


test-node	Wed Sep 30 02:27:30 2026
	INET/inet_error: read errno = 10054, client host = honor2025, address = ::1/58720, user = system


test-node	Wed Sep 30 02:28:30 2026
	INET/inet_error: read errno = 10054, client host = honor2025, address = ::1/54181, user = system


test-node	Wed Sep 30 02:28:30 2026
	INET/inet_error: read errno = 10054, client host = honor2025, address = ::1/54176, user = system


test-node	Wed Sep 30 02:29:30 2026
	INET/inet_error: read errno = 10054, client host = honor2025, address = ::1/59895, user = system


test-node	Wed Sep 30 02:30:30 2026
	INET/inet_error: read errno = 10054, client host = honor2025, address = ::1/60134, user = system


test-node	Wed Sep 30 02:30:30 2026
	INET/inet_error: read errno = 10054, client host = honor2025, address = ::1/60135, user = system


test-node	Wed Sep 30 02:31:30 2026
	INET/inet_error: read errno = 10054, client host = honor2025, address = ::1/55278, user = system


test-node	Wed Sep 30 02:32:30 2026
	INET/inet_error: read errno = 10054, client host = honor2025, address = ::1/55390, user = system


test-node	Wed Sep 30 02:32:30 2026
	INET/inet_error: read errno = 10054, client host = honor2025, address = ::1/55389, user = system


test-node	Wed Sep 30 02:33:30 2026
	INET/inet_error: read errno = 10054, client host = honor2025, address = ::1/49766, user = system


test-node	Wed Sep 30 02:34:30 2026
	INET/inet_error: read errno = 10054, client host = honor2025, address = ::1/50221, user = system


test-node	Wed Sep 30 02:34:30 2026
	INET/inet_error: read errno = 10054, client host = honor2025, address = ::1/50228, user = system


test-node	Wed Sep 30 02:35:30 2026
	INET/inet_error: read errno = 10054, client host = honor2025, address = ::1/50460, user = system


test-node	Wed Sep 30 02:36:30 2026
	INET/inet_error: read errno = 10054, client host = honor2025, address = ::1/50847, user = system


test-node	Wed Sep 30 02:36:30 2026
	INET/inet_error: read errno = 10054, client host = honor2025, address = ::1/50844, user = system


test-node	Wed Sep 30 02:37:30 2026
	INET/inet_error: read errno = 10054, client host = honor2025, address = ::1/58703, user = system


test-node	Wed Sep 30 02:38:30 2026
	INET/inet_error: read errno = 10054, client host = honor2025, address = ::1/62514, user = system


test-node	Wed Sep 30 02:38:30 2026
	INET/inet_error: read errno = 10054, client host = honor2025, address = ::1/62520, user = system


test-node	Wed Sep 30 02:39:30 2026
	INET/inet_error: read errno = 10054, client host = honor2025, address = ::1/62776, user = system


test-node	Wed Sep 30 02:40:30 2026
	INET/inet_error: read errno = 10054, client host = honor2025, address = ::1/63145, user = system


test-node	Wed Sep 30 02:40:30 2026
	INET/inet_error: read errno = 10054, client host = honor2025, address = ::1/63146, user = system


test-node	Wed Sep 30 02:41:30 2026
	INET/inet_error: read errno = 10054, client host = honor2025, address = ::1/63401, user = system


test-node	Wed Sep 30 02:42:30 2026
	INET/inet_error: read errno = 10054, client host = honor2025, address = ::1/56729, user = system


test-node	Wed Sep 30 02:42:30 2026
	INET/inet_error: read errno = 10054, client host = honor2025, address = ::1/56732, user = system


test-node	Wed Sep 30 02:43:30 2026
	INET/inet_error: read errno = 10054, client host = honor2025, address = ::1/49723, user = system


test-node	Wed Sep 30 02:44:30 2026
	INET/inet_error: read errno = 10054, client host = honor2025, address = ::1/50199, user = system


test-node	Wed Sep 30 02:44:30 2026
	INET/inet_error: read errno = 10054, client host = honor2025, address = ::1/50200, user = system


test-node	Wed Sep 30 02:45:30 2026
	INET/inet_error: read errno = 10054, client host = honor2025, address = ::1/50453, user = system


test-node	Wed Sep 30 02:46:30 2026
	INET/inet_error: read errno = 10054, client host = honor2025, address = ::1/50821, user = system


test-node	Wed Sep 30 02:46:30 2026
	INET/inet_error: read errno = 10054, client host = honor2025, address = ::1/50827, user = system


test-node	Wed Sep 30 02:47:30 2026
	INET/inet_error: read errno = 10054, client host = honor2025, address = ::1/53821, user = system


test-node	Wed Sep 30 02:48:30 2026
	INET/inet_error: read errno = 10054, client host = honor2025, address = ::1/64013, user = system


test-node	Wed Sep 30 02:48:30 2026
	INET/inet_error: read errno = 10054, client host = honor2025, address = ::1/64011, user = system


test-node	Wed Sep 30 02:49:30 2026
	INET/inet_error: read errno = 10054, client host = honor2025, address = ::1/64264, user = system


test-node	Wed Sep 30 02:50:30 2026
	INET/inet_error: read errno = 10054, client host = honor2025, address = ::1/64639, user = system


test-node	Wed Sep 30 02:50:30 2026
	INET/inet_error: read errno = 10054, client host = honor2025, address = ::1/64637, user = system


test-node	Wed Sep 30 02:51:30 2026
	INET/inet_error: read errno = 10054, client host = honor2025, address = ::1/64898, user = system


test-node	Wed Sep 30 02:52:30 2026
	INET/inet_error: read errno = 10054, client host = honor2025, address = ::1/60968, user = system


test-node	Wed Sep 30 02:52:30 2026
	INET/inet_error: read errno = 10054, client host = honor2025, address = ::1/60974, user = system


test-node	Wed Sep 30 02:53:30 2026
	INET/inet_error: read errno = 10054, client host = honor2025, address = ::1/53759, user = system


test-node	Wed Sep 30 02:54:30 2026
	INET/inet_error: read errno = 10054, client host = honor2025, address = ::1/54138, user = system


test-node	Wed Sep 30 02:54:30 2026
	INET/inet_error: read errno = 10054, client host = honor2025, address = ::1/54142, user = system


test-node	Wed Sep 30 02:55:30 2026
	INET/inet_error: read errno = 10054, client host = honor2025, address = ::1/54391, user = system


test-node	Wed Sep 30 02:56:30 2026
	INET/inet_error: read errno = 10054, client host = honor2025, address = ::1/54767, user = system


test-node	Wed Sep 30 02:56:30 2026
	INET/inet_error: read errno = 10054, client host = honor2025, address = ::1/54772, user = system


test-node	Wed Sep 30 02:57:30 2026
	INET/inet_error: read errno = 10054, client host = honor2025, address = ::1/52568, user = system


test-node	Wed Sep 30 02:58:30 2026
	INET/inet_error: read errno = 10054, client host = honor2025, address = ::1/62849, user = system


test-node	Wed Sep 30 02:58:30 2026
	INET/inet_error: read errno = 10054, client host = honor2025, address = ::1/62855, user = system


test-node	Wed Sep 30 02:59:30 2026
	INET/inet_error: read errno = 10054, client host = honor2025, address = ::1/63100, user = system


test-node	Wed Sep 30 03:00:30 2026
	INET/inet_error: read errno = 10054, client host = honor2025, address = ::1/63493, user = system


test-node	Wed Sep 30 03:00:30 2026
	INET/inet_error: read errno = 10054, client host = honor2025, address = ::1/63490, user = system


test-node	Wed Sep 30 03:01:30 2026
	INET/inet_error: read errno = 10054, client host = honor2025, address = ::1/55804, user = system


test-node	Wed Sep 30 03:02:30 2026
	INET/inet_error: read errno = 10054, client host = honor2025, address = ::1/51525, user = system


test-node	Wed Sep 30 03:02:30 2026
	INET/inet_error: read errno = 10054, client host = honor2025, address = ::1/51527, user = system


test-node	Wed Sep 30 03:03:30 2026
	INET/inet_error: read errno = 10054, client host = honor2025, address = ::1/65296, user = system


test-node	Wed Sep 30 03:04:30 2026
	INET/inet_error: read errno = 10054, client host = honor2025, address = ::1/49293, user = system


test-node	Wed Sep 30 03:04:30 2026
	INET/inet_error: read errno = 10054, client host = honor2025, address = ::1/49288, user = system


test-node	Wed Sep 30 03:05:30 2026
	INET/inet_error: read errno = 10054, client host = honor2025, address = ::1/49871, user = system


test-node	Wed Sep 30 03:06:30 2026
	INET/inet_error: read errno = 10054, client host = honor2025, address = ::1/50289, user = system


test-node	Wed Sep 30 03:06:30 2026
	INET/inet_error: read errno = 10054, client host = honor2025, address = ::1/50292, user = system


test-node	Wed Sep 30 03:07:30 2026
	INET/inet_error: read errno = 10054, client host = honor2025, address = ::1/65294, user = system


test-node	Wed Sep 30 03:08:30 2026
	INET/inet_error: read errno = 10054, client host = honor2025, address = ::1/51358, user = system


test-node	Wed Sep 30 03:08:30 2026
	INET/inet_error: read errno = 10054, client host = honor2025, address = ::1/51360, user = system


test-node	Wed Sep 30 03:09:30 2026
	INET/inet_error: read errno = 10054, client host = honor2025, address = ::1/51611, user = system


test-node	Wed Sep 30 03:10:30 2026
	INET/inet_error: read errno = 10054, client host = honor2025, address = ::1/51992, user = system


test-node	Wed Sep 30 03:10:30 2026
	INET/inet_error: read errno = 10054, client host = honor2025, address = ::1/51989, user = system


test-node	Wed Sep 30 03:11:30 2026
	INET/inet_error: read errno = 10054, client host = honor2025, address = ::1/52247, user = system


test-node	Wed Sep 30 03:12:30 2026
	INET/inet_error: read errno = 10054, client host = honor2025, address = ::1/58937, user = system


test-node	Wed Sep 30 03:12:30 2026
	INET/inet_error: read errno = 10054, client host = honor2025, address = ::1/58944, user = system


test-node	Wed Sep 30 03:13:30 2026
	INET/inet_error: read errno = 10054, client host = honor2025, address = ::1/64126, user = system


test-node	Wed Sep 30 03:14:30 2026
	INET/inet_error: read errno = 10054, client host = honor2025, address = ::1/64494, user = system


test-node	Wed Sep 30 03:14:30 2026
	INET/inet_error: read errno = 10054, client host = honor2025, address = ::1/64493, user = system


test-node	Wed Sep 30 03:15:30 2026
	INET/inet_error: read errno = 10054, client host = honor2025, address = ::1/52217, user = system


test-node	Wed Sep 30 03:16:30 2026
	INET/inet_error: read errno = 10054, client host = honor2025, address = ::1/52591, user = system


test-node	Wed Sep 30 03:16:30 2026
	INET/inet_error: read errno = 10054, client host = honor2025, address = ::1/52596, user = system


test-node	Wed Sep 30 03:17:30 2026
	INET/inet_error: read errno = 10054, client host = honor2025, address = ::1/58669, user = system


test-node	Wed Sep 30 03:18:30 2026
	INET/inet_error: read errno = 10054, client host = honor2025, address = ::1/59058, user = system


test-node	Wed Sep 30 03:18:30 2026
	INET/inet_error: read errno = 10054, client host = honor2025, address = ::1/59061, user = system


test-node	Wed Sep 30 03:19:30 2026
	INET/inet_error: read errno = 10054, client host = honor2025, address = ::1/59323, user = system


test-node	Wed Sep 30 03:20:30 2026
	INET/inet_error: read errno = 10054, client host = honor2025, address = ::1/65096, user = system


test-node	Wed Sep 30 03:20:30 2026
	INET/inet_error: read errno = 10054, client host = honor2025, address = ::1/65105, user = system


test-node	Wed Sep 30 03:21:30 2026
	INET/inet_error: read errno = 10054, client host = honor2025, address = ::1/65356, user = system


test-node	Wed Sep 30 03:22:30 2026
	INET/inet_error: read errno = 10054, client host = honor2025, address = ::1/53525, user = system


test-node	Wed Sep 30 03:22:30 2026
	INET/inet_error: read errno = 10054, client host = honor2025, address = ::1/53526, user = system


test-node	Wed Sep 30 03:23:30 2026
	INET/inet_error: read errno = 10054, client host = honor2025, address = ::1/63783, user = system


test-node	Wed Sep 30 03:24:30 2026
	INET/inet_error: read errno = 10054, client host = honor2025, address = ::1/64150, user = system


test-node	Wed Sep 30 03:24:30 2026
	INET/inet_error: read errno = 10054, client host = honor2025, address = ::1/64152, user = system


test-node	Wed Sep 30 03:25:30 2026
	INET/inet_error: read errno = 10054, client host = honor2025, address = ::1/64428, user = system


test-node	Wed Sep 30 03:26:30 2026
	INET/inet_error: read errno = 10054, client host = honor2025, address = ::1/64792, user = system


test-node	Wed Sep 30 03:26:30 2026
	INET/inet_error: read errno = 10054, client host = honor2025, address = ::1/64793, user = system


test-node	Wed Sep 30 03:27:30 2026
	INET/inet_error: read errno = 10054, client host = honor2025, address = ::1/56873, user = system


test-node	Wed Sep 30 03:28:30 2026
	INET/inet_error: read errno = 10054, client host = honor2025, address = ::1/56143, user = system


test-node	Wed Sep 30 03:28:30 2026
	INET/inet_error: read errno = 10054, client host = honor2025, address = ::1/56146, user = system


test-node	Wed Sep 30 03:29:30 2026
	INET/inet_error: read errno = 10054, client host = honor2025, address = ::1/56119, user = system


test-node	Wed Sep 30 03:30:30 2026
	INET/inet_error: read errno = 10054, client host = honor2025, address = ::1/56541, user = system


test-node	Wed Sep 30 03:30:30 2026
	INET/inet_error: read errno = 10054, client host = honor2025, address = ::1/56546, user = system


test-node	Wed Sep 30 03:31:30 2026
	INET/inet_error: read errno = 10054, client host = honor2025, address = ::1/55835, user = system


test-node	Wed Sep 30 03:32:30 2026
	INET/inet_error: read errno = 10054, client host = honor2025, address = ::1/61930, user = system


test-node	Wed Sep 30 03:32:30 2026
	INET/inet_error: read errno = 10054, client host = honor2025, address = ::1/61927, user = system


test-node	Wed Sep 30 03:33:30 2026
	INET/inet_error: read errno = 10054, client host = honor2025, address = ::1/56806, user = system


test-node	Wed Sep 30 03:34:30 2026
	INET/inet_error: read errno = 10054, client host = honor2025, address = ::1/57175, user = system


test-node	Wed Sep 30 03:34:30 2026
	INET/inet_error: read errno = 10054, client host = honor2025, address = ::1/57176, user = system


test-node	Wed Sep 30 03:35:30 2026
	INET/inet_error: read errno = 10054, client host = honor2025, address = ::1/57434, user = system


test-node	Wed Sep 30 03:36:30 2026
	INET/inet_error: read errno = 10054, client host = honor2025, address = ::1/59006, user = system


test-node	Wed Sep 30 03:36:30 2026
	INET/inet_error: read errno = 10054, client host = honor2025, address = ::1/59007, user = system


test-node	Wed Sep 30 03:37:30 2026
	INET/inet_error: read errno = 10054, client host = honor2025, address = ::1/54550, user = system


test-node	Wed Sep 30 03:38:30 2026
	INET/inet_error: read errno = 10054, client host = honor2025, address = ::1/62870, user = system


test-node	Wed Sep 30 03:38:30 2026
	INET/inet_error: read errno = 10054, client host = honor2025, address = ::1/62874, user = system


test-node	Wed Sep 30 03:39:30 2026
	INET/inet_error: read errno = 10054, client host = honor2025, address = ::1/63134, user = system


test-node	Wed Sep 30 03:40:30 2026
	INET/inet_error: read errno = 10054, client host = honor2025, address = ::1/63525, user = system


test-node	Wed Sep 30 03:40:30 2026
	INET/inet_error: read errno = 10054, client host = honor2025, address = ::1/63534, user = system


test-node	Wed Sep 30 03:41:30 2026
	INET/inet_error: read errno = 10054, client host = honor2025, address = ::1/63775, user = system


test-node	Wed Sep 30 03:42:30 2026
	INET/inet_error: read errno = 10054, client host = honor2025, address = ::1/50079, user = system


test-node	Wed Sep 30 03:42:30 2026
	INET/inet_error: read errno = 10054, client host = honor2025, address = ::1/50072, user = system


test-node	Wed Sep 30 03:43:30 2026
	INET/inet_error: read errno = 10054, client host = honor2025, address = ::1/56396, user = system


test-node	Wed Sep 30 03:44:30 2026
	INET/inet_error: read errno = 10054, client host = honor2025, address = ::1/56763, user = system


test-node	Wed Sep 30 03:44:30 2026
	INET/inet_error: read errno = 10054, client host = honor2025, address = ::1/56761, user = system


test-node	Wed Sep 30 03:45:30 2026
	INET/inet_error: read errno = 10054, client host = honor2025, address = ::1/57014, user = system


test-node	Wed Sep 30 03:46:30 2026
	INET/inet_error: read errno = 10054, client host = honor2025, address = ::1/57388, user = system


test-node	Wed Sep 30 03:46:30 2026
	INET/inet_error: read errno = 10054, client host = honor2025, address = ::1/57394, user = system


test-node	Wed Sep 30 03:47:30 2026
	INET/inet_error: read errno = 10054, client host = honor2025, address = ::1/58775, user = system


test-node	Wed Sep 30 03:48:30 2026
	INET/inet_error: read errno = 10054, client host = honor2025, address = ::1/63197, user = system


test-node	Wed Sep 30 03:48:30 2026
	INET/inet_error: read errno = 10054, client host = honor2025, address = ::1/63200, user = system


test-node	Wed Sep 30 03:49:30 2026
	INET/inet_error: read errno = 10054, client host = honor2025, address = ::1/63448, user = system


test-node	Wed Sep 30 03:50:30 2026
	INET/inet_error: read errno = 10054, client host = honor2025, address = ::1/63820, user = system


test-node	Wed Sep 30 03:50:30 2026
	INET/inet_error: read errno = 10054, client host = honor2025, address = ::1/63821, user = system


test-node	Wed Sep 30 03:51:30 2026
	INET/inet_error: read errno = 10054, client host = honor2025, address = ::1/64078, user = system


test-node	Wed Sep 30 03:52:30 2026
	INET/inet_error: read errno = 10054, client host = honor2025, address = ::1/51345, user = system


test-node	Wed Sep 30 03:52:30 2026
	INET/inet_error: read errno = 10054, client host = honor2025, address = ::1/51347, user = system


test-node	Wed Sep 30 03:53:30 2026
	INET/inet_error: read errno = 10054, client host = honor2025, address = ::1/64242, user = system


test-node	Wed Sep 30 03:54:30 2026
	INET/inet_error: read errno = 10054, client host = honor2025, address = ::1/64613, user = system


test-node	Wed Sep 30 03:54:30 2026
	INET/inet_error: read errno = 10054, client host = honor2025, address = ::1/64611, user = system


test-node	Wed Sep 30 03:55:30 2026
	INET/inet_error: read errno = 10054, client host = honor2025, address = ::1/64859, user = system


test-node	Wed Sep 30 03:56:30 2026
	INET/inet_error: read errno = 10054, client host = honor2025, address = ::1/65227, user = system


test-node	Wed Sep 30 03:56:30 2026
	INET/inet_error: read errno = 10054, client host = honor2025, address = ::1/65229, user = system


test-node	Wed Sep 30 03:57:30 2026
	INET/inet_error: read errno = 10054, client host = honor2025, address = ::1/56626, user = system


test-node	Wed Sep 30 03:58:30 2026
	INET/inet_error: read errno = 10054, client host = honor2025, address = ::1/50562, user = system


test-node	Wed Sep 30 03:58:30 2026
	INET/inet_error: read errno = 10054, client host = honor2025, address = ::1/50568, user = system


test-node	Wed Sep 30 03:59:30 2026
	INET/inet_error: read errno = 10054, client host = honor2025, address = ::1/50820, user = system


test-node	Wed Sep 30 04:00:30 2026
	INET/inet_error: read errno = 10054, client host = honor2025, address = ::1/51205, user = system


test-node	Wed Sep 30 04:00:30 2026
	INET/inet_error: read errno = 10054, client host = honor2025, address = ::1/51201, user = system


test-node	Wed Sep 30 04:01:30 2026
	INET/inet_error: read errno = 10054, client host = honor2025, address = ::1/53279, user = system


test-node	Wed Sep 30 04:02:30 2026
	INET/inet_error: read errno = 10054, client host = honor2025, address = ::1/61513, user = system


test-node	Wed Sep 30 04:02:30 2026
	INET/inet_error: read errno = 10054, client host = honor2025, address = ::1/61518, user = system


test-node	Wed Sep 30 04:03:30 2026
	INET/inet_error: read errno = 10054, client host = honor2025, address = ::1/59280, user = system


test-node	Wed Sep 30 04:04:30 2026
	INET/inet_error: read errno = 10054, client host = honor2025, address = ::1/53550, user = system


test-node	Wed Sep 30 04:04:30 2026
	INET/inet_error: read errno = 10054, client host = honor2025, address = ::1/53551, user = system


test-node	Wed Sep 30 04:05:30 2026
	INET/inet_error: read errno = 10054, client host = honor2025, address = ::1/53811, user = system


test-node	Wed Sep 30 04:06:30 2026
	INET/inet_error: read errno = 10054, client host = honor2025, address = ::1/54188, user = system


test-node	Wed Sep 30 04:06:30 2026
	INET/inet_error: read errno = 10054, client host = honor2025, address = ::1/54189, user = system


test-node	Wed Sep 30 04:07:30 2026
	INET/inet_error: read errno = 10054, client host = honor2025, address = ::1/52752, user = system


test-node	Wed Sep 30 04:08:30 2026
	INET/inet_error: read errno = 10054, client host = honor2025, address = ::1/51443, user = system


test-node	Wed Sep 30 04:08:30 2026
	INET/inet_error: read errno = 10054, client host = honor2025, address = ::1/51449, user = system


test-node	Wed Sep 30 04:09:30 2026
	INET/inet_error: read errno = 10054, client host = honor2025, address = ::1/51701, user = system


test-node	Wed Sep 30 04:10:30 2026
	INET/inet_error: read errno = 10054, client host = honor2025, address = ::1/52078, user = system


test-node	Wed Sep 30 04:10:30 2026
	INET/inet_error: read errno = 10054, client host = honor2025, address = ::1/52080, user = system


test-node	Wed Sep 30 04:11:30 2026
	INET/inet_error: read errno = 10054, client host = honor2025, address = ::1/52343, user = system


test-node	Wed Sep 30 04:12:30 2026
	INET/inet_error: read errno = 10054, client host = honor2025, address = ::1/50999, user = system


test-node	Wed Sep 30 04:12:30 2026
	INET/inet_error: read errno = 10054, client host = honor2025, address = ::1/51000, user = system


test-node	Wed Sep 30 04:13:30 2026
	INET/inet_error: read errno = 10054, client host = honor2025, address = ::1/56133, user = system


test-node	Wed Sep 30 04:14:30 2026
	INET/inet_error: read errno = 10054, client host = honor2025, address = ::1/56355, user = system


test-node	Wed Sep 30 04:14:30 2026
	INET/inet_error: read errno = 10054, client host = honor2025, address = ::1/56360, user = system


test-node	Wed Sep 30 04:15:30 2026
	INET/inet_error: read errno = 10054, client host = honor2025, address = ::1/53473, user = system


test-node	Wed Sep 30 04:16:30 2026
	INET/inet_error: read errno = 10054, client host = honor2025, address = ::1/53715, user = system


test-node	Wed Sep 30 04:16:30 2026
	INET/inet_error: read errno = 10054, client host = honor2025, address = ::1/53716, user = system


test-node	Wed Sep 30 04:17:30 2026
	INET/inet_error: read errno = 10054, client host = honor2025, address = ::1/51980, user = system


test-node	Wed Sep 30 04:18:30 2026
	INET/inet_error: read errno = 10054, client host = honor2025, address = ::1/56879, user = system


test-node	Wed Sep 30 04:18:30 2026
	INET/inet_error: read errno = 10054, client host = honor2025, address = ::1/56886, user = system


test-node	Wed Sep 30 04:19:30 2026
	INET/inet_error: read errno = 10054, client host = honor2025, address = ::1/57126, user = system


test-node	Wed Sep 30 04:20:30 2026
	INET/inet_error: read errno = 10054, client host = honor2025, address = ::1/57364, user = system


test-node	Wed Sep 30 04:20:30 2026
	INET/inet_error: read errno = 10054, client host = honor2025, address = ::1/57367, user = system


test-node	Wed Sep 30 04:21:30 2026
	INET/inet_error: read errno = 10054, client host = honor2025, address = ::1/58805, user = system


test-node	Wed Sep 30 04:22:30 2026
	INET/inet_error: read errno = 10054, client host = honor2025, address = ::1/58874, user = system


test-node	Wed Sep 30 04:22:30 2026
	INET/inet_error: read errno = 10054, client host = honor2025, address = ::1/58869, user = system


test-node	Wed Sep 30 04:23:30 2026
	INET/inet_error: read errno = 10054, client host = honor2025, address = ::1/58686, user = system


test-node	Wed Sep 30 04:24:30 2026
	INET/inet_error: read errno = 10054, client host = honor2025, address = ::1/58968, user = system


test-node	Wed Sep 30 04:24:30 2026
	INET/inet_error: read errno = 10054, client host = honor2025, address = ::1/58971, user = system


test-node	Wed Sep 30 04:25:30 2026
	INET/inet_error: read errno = 10054, client host = honor2025, address = ::1/59206, user = system


test-node	Wed Sep 30 04:26:30 2026
	INET/inet_error: read errno = 10054, client host = honor2025, address = ::1/59440, user = system


test-node	Wed Sep 30 04:26:30 2026
	INET/inet_error: read errno = 10054, client host = honor2025, address = ::1/59443, user = system


test-node	Wed Sep 30 04:27:30 2026
	INET/inet_error: read errno = 10054, client host = honor2025, address = ::1/62380, user = system


test-node	Wed Sep 30 04:28:30 2026
	INET/inet_error: read errno = 10054, client host = honor2025, address = ::1/50690, user = system


test-node	Wed Sep 30 04:28:30 2026
	INET/inet_error: read errno = 10054, client host = honor2025, address = ::1/50691, user = system


test-node	Wed Sep 30 04:29:30 2026
	INET/inet_error: read errno = 10054, client host = honor2025, address = ::1/56373, user = system


test-node	Wed Sep 30 04:30:30 2026
	INET/inet_error: read errno = 10054, client host = honor2025, address = ::1/56617, user = system


test-node	Wed Sep 30 04:30:30 2026
	INET/inet_error: read errno = 10054, client host = honor2025, address = ::1/56625, user = system


test-node	Wed Sep 30 04:31:30 2026
	INET/inet_error: read errno = 10054, client host = honor2025, address = ::1/63439, user = system


test-node	Wed Sep 30 04:32:30 2026
	INET/inet_error: read errno = 10054, client host = honor2025, address = ::1/54576, user = system


test-node	Wed Sep 30 04:32:30 2026
	INET/inet_error: read errno = 10054, client host = honor2025, address = ::1/54580, user = system


test-node	Wed Sep 30 04:33:30 2026
	INET/inet_error: read errno = 10054, client host = honor2025, address = ::1/52244, user = system


test-node	Wed Sep 30 04:34:30 2026
	INET/inet_error: read errno = 10054, client host = honor2025, address = ::1/52483, user = system


test-node	Wed Sep 30 04:34:30 2026
	INET/inet_error: read errno = 10054, client host = honor2025, address = ::1/52479, user = system


test-node	Wed Sep 30 04:35:30 2026
	INET/inet_error: read errno = 10054, client host = honor2025, address = ::1/52710, user = system


test-node	Wed Sep 30 04:36:30 2026
	INET/inet_error: read errno = 10054, client host = honor2025, address = ::1/52947, user = system


test-node	Wed Sep 30 04:36:30 2026
	INET/inet_error: read errno = 10054, client host = honor2025, address = ::1/52955, user = system


test-node	Wed Sep 30 04:37:30 2026
	INET/inet_error: read errno = 10054, client host = honor2025, address = ::1/55745, user = system


test-node	Wed Sep 30 04:38:30 2026
	INET/inet_error: read errno = 10054, client host = honor2025, address = ::1/62306, user = system


test-node	Wed Sep 30 04:38:30 2026
	INET/inet_error: read errno = 10054, client host = honor2025, address = ::1/62310, user = system


test-node	Wed Sep 30 04:39:30 2026
	INET/inet_error: read errno = 10054, client host = honor2025, address = ::1/62554, user = system


test-node	Wed Sep 30 04:40:30 2026
	INET/inet_error: read errno = 10054, client host = honor2025, address = ::1/62789, user = system


test-node	Wed Sep 30 04:40:30 2026
	INET/inet_error: read errno = 10054, client host = honor2025, address = ::1/62798, user = system


test-node	Wed Sep 30 04:41:30 2026
	INET/inet_error: read errno = 10054, client host = honor2025, address = ::1/63026, user = system


test-node	Wed Sep 30 04:42:30 2026
	INET/inet_error: read errno = 10054, client host = honor2025, address = ::1/50794, user = system


test-node	Wed Sep 30 04:42:30 2026
	INET/inet_error: read errno = 10054, client host = honor2025, address = ::1/50800, user = system


test-node	Wed Sep 30 04:43:30 2026
	INET/inet_error: read errno = 10054, client host = honor2025, address = ::1/64251, user = system


test-node	Wed Sep 30 04:44:30 2026
	INET/inet_error: read errno = 10054, client host = honor2025, address = ::1/64480, user = system


test-node	Wed Sep 30 04:44:30 2026
	INET/inet_error: read errno = 10054, client host = honor2025, address = ::1/64484, user = system


test-node	Wed Sep 30 04:45:30 2026
	INET/inet_error: read errno = 10054, client host = honor2025, address = ::1/64723, user = system


test-node	Wed Sep 30 04:46:30 2026
	INET/inet_error: read errno = 10054, client host = honor2025, address = ::1/64960, user = system


test-node	Wed Sep 30 04:46:30 2026
	INET/inet_error: read errno = 10054, client host = honor2025, address = ::1/64964, user = system


test-node	Wed Sep 30 04:47:30 2026
	INET/inet_error: read errno = 10054, client host = honor2025, address = ::1/54590, user = system


test-node	Wed Sep 30 04:48:30 2026
	INET/inet_error: read errno = 10054, client host = honor2025, address = ::1/49389, user = system


test-node	Wed Sep 30 04:48:30 2026
	INET/inet_error: read errno = 10054, client host = honor2025, address = ::1/49390, user = system


test-node	Wed Sep 30 04:49:30 2026
	INET/inet_error: read errno = 10054, client host = honor2025, address = ::1/49957, user = system


test-node	Wed Sep 30 04:50:30 2026
	INET/inet_error: read errno = 10054, client host = honor2025, address = ::1/50253, user = system


test-node	Wed Sep 30 04:50:30 2026
	INET/inet_error: read errno = 10054, client host = honor2025, address = ::1/50250, user = system


test-node	Wed Sep 30 04:51:30 2026
	INET/inet_error: read errno = 10054, client host = honor2025, address = ::1/50488, user = system


test-node	Wed Sep 30 04:52:30 2026
	INET/inet_error: read errno = 10054, client host = honor2025, address = ::1/49951, user = system


test-node	Wed Sep 30 04:52:30 2026
	INET/inet_error: read errno = 10054, client host = honor2025, address = ::1/49956, user = system


test-node	Wed Sep 30 04:53:30 2026
	INET/inet_error: read errno = 10054, client host = honor2025, address = ::1/60243, user = system


test-node	Wed Sep 30 04:54:30 2026
	INET/inet_error: read errno = 10054, client host = honor2025, address = ::1/60479, user = system


test-node	Wed Sep 30 04:54:30 2026
	INET/inet_error: read errno = 10054, client host = honor2025, address = ::1/60478, user = system


test-node	Wed Sep 30 04:55:30 2026
	INET/inet_error: read errno = 10054, client host = honor2025, address = ::1/60716, user = system


test-node	Wed Sep 30 04:56:30 2026
	INET/inet_error: read errno = 10054, client host = honor2025, address = ::1/60949, user = system


test-node	Wed Sep 30 04:56:30 2026
	INET/inet_error: read errno = 10054, client host = honor2025, address = ::1/60948, user = system


test-node	Wed Sep 30 04:57:30 2026
	INET/inet_error: read errno = 10054, client host = honor2025, address = ::1/60221, user = system


test-node	Wed Sep 30 04:58:30 2026
	INET/inet_error: read errno = 10054, client host = honor2025, address = ::1/52433, user = system


test-node	Wed Sep 30 04:58:30 2026
	INET/inet_error: read errno = 10054, client host = honor2025, address = ::1/52428, user = system


test-node	Wed Sep 30 04:59:30 2026
	INET/inet_error: read errno = 10054, client host = honor2025, address = ::1/52661, user = system


test-node	Wed Sep 30 05:00:30 2026
	INET/inet_error: read errno = 10054, client host = honor2025, address = ::1/52901, user = system


test-node	Wed Sep 30 05:00:30 2026
	INET/inet_error: read errno = 10054, client host = honor2025, address = ::1/52906, user = system


test-node	Wed Sep 30 05:01:30 2026
	INET/inet_error: read errno = 10054, client host = honor2025, address = ::1/49781, user = system


test-node	Wed Sep 30 05:02:30 2026
	INET/inet_error: read errno = 10054, client host = honor2025, address = ::1/56431, user = system


test-node	Wed Sep 30 05:02:30 2026
	INET/inet_error: read errno = 10054, client host = honor2025, address = ::1/56429, user = system


test-node	Wed Sep 30 05:03:30 2026
	INET/inet_error: read errno = 10054, client host = honor2025, address = ::1/51919, user = system


test-node	Wed Sep 30 05:04:30 2026
	INET/inet_error: read errno = 10054, client host = honor2025, address = ::1/52156, user = system


test-node	Wed Sep 30 05:04:30 2026
	INET/inet_error: read errno = 10054, client host = honor2025, address = ::1/52153, user = system


test-node	Wed Sep 30 05:05:30 2026
	INET/inet_error: read errno = 10054, client host = honor2025, address = ::1/52395, user = system


test-node	Wed Sep 30 05:06:30 2026
	INET/inet_error: read errno = 10054, client host = honor2025, address = ::1/52637, user = system


test-node	Wed Sep 30 05:06:30 2026
	INET/inet_error: read errno = 10054, client host = honor2025, address = ::1/52641, user = system


test-node	Wed Sep 30 05:07:30 2026
	INET/inet_error: read errno = 10054, client host = honor2025, address = ::1/50994, user = system


test-node	Wed Sep 30 05:08:30 2026
	INET/inet_error: read errno = 10054, client host = honor2025, address = ::1/65370, user = system


test-node	Wed Sep 30 05:08:30 2026
	INET/inet_error: read errno = 10054, client host = honor2025, address = ::1/65367, user = system


test-node	Wed Sep 30 05:09:30 2026
	INET/inet_error: read errno = 10054, client host = honor2025, address = ::1/49223, user = system


test-node	Wed Sep 30 05:10:30 2026
	INET/inet_error: read errno = 10054, client host = honor2025, address = ::1/49764, user = system


test-node	Wed Sep 30 05:10:30 2026
	INET/inet_error: read errno = 10054, client host = honor2025, address = ::1/49769, user = system


test-node	Wed Sep 30 05:11:30 2026
	INET/inet_error: read errno = 10054, client host = honor2025, address = ::1/50078, user = system


test-node	Wed Sep 30 05:12:30 2026
	INET/inet_error: read errno = 10054, client host = honor2025, address = ::1/55651, user = system


test-node	Wed Sep 30 05:12:30 2026
	INET/inet_error: read errno = 10054, client host = honor2025, address = ::1/55655, user = system


test-node	Wed Sep 30 05:13:30 2026
	INET/inet_error: read errno = 10054, client host = honor2025, address = ::1/64238, user = system


test-node	Wed Sep 30 05:14:30 2026
	INET/inet_error: read errno = 10054, client host = honor2025, address = ::1/64467, user = system


test-node	Wed Sep 30 05:14:30 2026
	INET/inet_error: read errno = 10054, client host = honor2025, address = ::1/64466, user = system


test-node	Wed Sep 30 05:15:30 2026
	INET/inet_error: read errno = 10054, client host = honor2025, address = ::1/52969, user = system


test-node	Wed Sep 30 05:16:30 2026
	INET/inet_error: read errno = 10054, client host = honor2025, address = ::1/53229, user = system


test-node	Wed Sep 30 05:16:30 2026
	INET/inet_error: read errno = 10054, client host = honor2025, address = ::1/53230, user = system


test-node	Wed Sep 30 05:17:30 2026
	INET/inet_error: read errno = 10054, client host = honor2025, address = ::1/52050, user = system


test-node	Wed Sep 30 05:18:30 2026
	INET/inet_error: read errno = 10054, client host = honor2025, address = ::1/64733, user = system


test-node	Wed Sep 30 05:18:30 2026
	INET/inet_error: read errno = 10054, client host = honor2025, address = ::1/64736, user = system


test-node	Wed Sep 30 05:19:30 2026
	INET/inet_error: read errno = 10054, client host = honor2025, address = ::1/64976, user = system


test-node	Wed Sep 30 05:20:30 2026
	INET/inet_error: read errno = 10054, client host = honor2025, address = ::1/65223, user = system


test-node	Wed Sep 30 05:20:30 2026
	INET/inet_error: read errno = 10054, client host = honor2025, address = ::1/65228, user = system


test-node	Wed Sep 30 05:21:30 2026
	INET/inet_error: read errno = 10054, client host = honor2025, address = ::1/62217, user = system


test-node	Wed Sep 30 05:22:30 2026
	INET/inet_error: read errno = 10054, client host = honor2025, address = ::1/58827, user = system


test-node	Wed Sep 30 05:22:30 2026
	INET/inet_error: read errno = 10054, client host = honor2025, address = ::1/58824, user = system


test-node	Wed Sep 30 05:23:30 2026
	INET/inet_error: read errno = 10054, client host = honor2025, address = ::1/63124, user = system


test-node	Wed Sep 30 05:24:30 2026
	INET/inet_error: read errno = 10054, client host = honor2025, address = ::1/63356, user = system


test-node	Wed Sep 30 05:24:30 2026
	INET/inet_error: read errno = 10054, client host = honor2025, address = ::1/63354, user = system


test-node	Wed Sep 30 05:25:30 2026
	INET/inet_error: read errno = 10054, client host = honor2025, address = ::1/63613, user = system


test-node	Wed Sep 30 05:26:30 2026
	INET/inet_error: read errno = 10054, client host = honor2025, address = ::1/63850, user = system


test-node	Wed Sep 30 05:26:30 2026
	INET/inet_error: read errno = 10054, client host = honor2025, address = ::1/63852, user = system


test-node	Wed Sep 30 05:27:30 2026
	INET/inet_error: read errno = 10054, client host = honor2025, address = ::1/65416, user = system


test-node	Wed Sep 30 05:28:30 2026
	INET/inet_error: read errno = 10054, client host = honor2025, address = ::1/50065, user = system


test-node	Wed Sep 30 05:28:30 2026
	INET/inet_error: read errno = 10054, client host = honor2025, address = ::1/50067, user = system


test-node	Wed Sep 30 05:29:30 2026
	INET/inet_error: read errno = 10054, client host = honor2025, address = ::1/53209, user = system


test-node	Wed Sep 30 05:30:30 2026
	INET/inet_error: read errno = 10054, client host = honor2025, address = ::1/53454, user = system


test-node	Wed Sep 30 05:30:30 2026
	INET/inet_error: read errno = 10054, client host = honor2025, address = ::1/53462, user = system


test-node	Wed Sep 30 05:31:30 2026
	INET/inet_error: read errno = 10054, client host = honor2025, address = ::1/61352, user = system


test-node	Wed Sep 30 05:32:30 2026
	INET/inet_error: read errno = 10054, client host = honor2025, address = ::1/62172, user = system


test-node	Wed Sep 30 05:32:30 2026
	INET/inet_error: read errno = 10054, client host = honor2025, address = ::1/62168, user = system


test-node	Wed Sep 30 05:33:30 2026
	INET/inet_error: read errno = 10054, client host = honor2025, address = ::1/54126, user = system


test-node	Wed Sep 30 05:34:30 2026
	INET/inet_error: read errno = 10054, client host = honor2025, address = ::1/54365, user = system


test-node	Wed Sep 30 05:34:30 2026
	INET/inet_error: read errno = 10054, client host = honor2025, address = ::1/54364, user = system


test-node	Wed Sep 30 05:35:30 2026
	INET/inet_error: read errno = 10054, client host = honor2025, address = ::1/54604, user = system


test-node	Wed Sep 30 05:36:30 2026
	INET/inet_error: read errno = 10054, client host = honor2025, address = ::1/54833, user = system


test-node	Wed Sep 30 05:36:30 2026
	INET/inet_error: read errno = 10054, client host = honor2025, address = ::1/54838, user = system


test-node	Wed Sep 30 05:37:30 2026
	INET/inet_error: read errno = 10054, client host = honor2025, address = ::1/50215, user = system


test-node	Wed Sep 30 05:38:30 2026
	INET/inet_error: read errno = 10054, client host = honor2025, address = ::1/58770, user = system


test-node	Wed Sep 30 05:38:30 2026
	INET/inet_error: read errno = 10054, client host = honor2025, address = ::1/58769, user = system


test-node	Wed Sep 30 05:39:30 2026
	INET/inet_error: read errno = 10054, client host = honor2025, address = ::1/59000, user = system


test-node	Wed Sep 30 05:40:30 2026
	INET/inet_error: read errno = 10054, client host = honor2025, address = ::1/59231, user = system


test-node	Wed Sep 30 05:40:30 2026
	INET/inet_error: read errno = 10054, client host = honor2025, address = ::1/59241, user = system


test-node	Wed Sep 30 05:41:30 2026
	INET/inet_error: read errno = 10054, client host = honor2025, address = ::1/59472, user = system


test-node	Wed Sep 30 05:42:30 2026
	INET/inet_error: read errno = 10054, client host = honor2025, address = ::1/51406, user = system


test-node	Wed Sep 30 05:42:30 2026
	INET/inet_error: read errno = 10054, client host = honor2025, address = ::1/51411, user = system


test-node	Wed Sep 30 05:43:30 2026
	INET/inet_error: read errno = 10054, client host = honor2025, address = ::1/54309, user = system


test-node	Wed Sep 30 05:44:30 2026
	INET/inet_error: read errno = 10054, client host = honor2025, address = ::1/54527, user = system


test-node	Wed Sep 30 05:44:30 2026
	INET/inet_error: read errno = 10054, client host = honor2025, address = ::1/54525, user = system


test-node	Wed Sep 30 05:45:30 2026
	INET/inet_error: read errno = 10054, client host = honor2025, address = ::1/54766, user = system


test-node	Wed Sep 30 05:46:30 2026
	INET/inet_error: read errno = 10054, client host = honor2025, address = ::1/55000, user = system


test-node	Wed Sep 30 05:46:30 2026
	INET/inet_error: read errno = 10054, client host = honor2025, address = ::1/55002, user = system


test-node	Wed Sep 30 05:47:30 2026
	INET/inet_error: read errno = 10054, client host = honor2025, address = ::1/54354, user = system


test-node	Wed Sep 30 05:48:30 2026
	INET/inet_error: read errno = 10054, client host = honor2025, address = ::1/54035, user = system


test-node	Wed Sep 30 05:48:30 2026
	INET/inet_error: read errno = 10054, client host = honor2025, address = ::1/54040, user = system


test-node	Wed Sep 30 05:49:30 2026
	INET/inet_error: read errno = 10054, client host = honor2025, address = ::1/54282, user = system


test-node	Wed Sep 30 05:50:30 2026
	INET/inet_error: read errno = 10054, client host = honor2025, address = ::1/54518, user = system


test-node	Wed Sep 30 05:50:30 2026
	INET/inet_error: read errno = 10054, client host = honor2025, address = ::1/54513, user = system


test-node	Wed Sep 30 05:51:30 2026
	INET/inet_error: read errno = 10054, client host = honor2025, address = ::1/54758, user = system


test-node	Wed Sep 30 05:52:30 2026
	INET/inet_error: read errno = 10054, client host = honor2025, address = ::1/61696, user = system


test-node	Wed Sep 30 05:52:30 2026
	INET/inet_error: read errno = 10054, client host = honor2025, address = ::1/61699, user = system


test-node	Wed Sep 30 05:53:30 2026
	INET/inet_error: read errno = 10054, client host = honor2025, address = ::1/49851, user = system


test-node	Wed Sep 30 05:54:30 2026
	INET/inet_error: read errno = 10054, client host = honor2025, address = ::1/50152, user = system


test-node	Wed Sep 30 05:54:30 2026
	INET/inet_error: read errno = 10054, client host = honor2025, address = ::1/50147, user = system


test-node	Wed Sep 30 05:55:30 2026
	INET/inet_error: read errno = 10054, client host = honor2025, address = ::1/50386, user = system


test-node	Wed Sep 30 05:56:30 2026
	INET/inet_error: read errno = 10054, client host = honor2025, address = ::1/50615, user = system


test-node	Wed Sep 30 05:56:30 2026
	INET/inet_error: read errno = 10054, client host = honor2025, address = ::1/50618, user = system


test-node	Wed Sep 30 05:57:30 2026
	INET/inet_error: read errno = 10054, client host = honor2025, address = ::1/52914, user = system


test-node	Wed Sep 30 05:58:30 2026
	INET/inet_error: read errno = 10054, client host = honor2025, address = ::1/60965, user = system


test-node	Wed Sep 30 05:58:30 2026
	INET/inet_error: read errno = 10054, client host = honor2025, address = ::1/60969, user = system


test-node	Wed Sep 30 05:59:30 2026
	INET/inet_error: read errno = 10054, client host = honor2025, address = ::1/61199, user = system


test-node	Wed Sep 30 06:00:30 2026
	INET/inet_error: read errno = 10054, client host = honor2025, address = ::1/61441, user = system


test-node	Wed Sep 30 06:00:30 2026
	INET/inet_error: read errno = 10054, client host = honor2025, address = ::1/61454, user = system


test-node	Wed Sep 30 06:01:30 2026
	INET/inet_error: read errno = 10054, client host = honor2025, address = ::1/54448, user = system


test-node	Wed Sep 30 06:02:30 2026
	INET/inet_error: read errno = 10054, client host = honor2025, address = ::1/59423, user = system


test-node	Wed Sep 30 06:02:30 2026
	INET/inet_error: read errno = 10054, client host = honor2025, address = ::1/59427, user = system


test-node	Wed Sep 30 06:03:30 2026
	INET/inet_error: read errno = 10054, client host = honor2025, address = ::1/62647, user = system


test-node	Wed Sep 30 06:04:30 2026
	INET/inet_error: read errno = 10054, client host = honor2025, address = ::1/62885, user = system


test-node	Wed Sep 30 06:04:30 2026
	INET/inet_error: read errno = 10054, client host = honor2025, address = ::1/62888, user = system


test-node	Wed Sep 30 06:05:30 2026
	INET/inet_error: read errno = 10054, client host = honor2025, address = ::1/63122, user = system


test-node	Wed Sep 30 06:06:30 2026
	INET/inet_error: read errno = 10054, client host = honor2025, address = ::1/63355, user = system


test-node	Wed Sep 30 06:06:30 2026
	INET/inet_error: read errno = 10054, client host = honor2025, address = ::1/63353, user = system


test-node	Wed Sep 30 06:07:30 2026
	INET/inet_error: read errno = 10054, client host = honor2025, address = ::1/64981, user = system


test-node	Wed Sep 30 06:08:30 2026
	INET/inet_error: read errno = 10054, client host = honor2025, address = ::1/63665, user = system


test-node	Wed Sep 30 06:08:30 2026
	INET/inet_error: read errno = 10054, client host = honor2025, address = ::1/63671, user = system


test-node	Wed Sep 30 06:09:30 2026
	INET/inet_error: read errno = 10054, client host = honor2025, address = ::1/63901, user = system


test-node	Wed Sep 30 06:10:30 2026
	INET/inet_error: read errno = 10054, client host = honor2025, address = ::1/64152, user = system


test-node	Wed Sep 30 06:10:30 2026
	INET/inet_error: read errno = 10054, client host = honor2025, address = ::1/64153, user = system


test-node	Wed Sep 30 06:11:30 2026
	INET/inet_error: read errno = 10054, client host = honor2025, address = ::1/64393, user = system


test-node	Wed Sep 30 06:12:30 2026
	INET/inet_error: read errno = 10054, client host = honor2025, address = ::1/50153, user = system


test-node	Wed Sep 30 06:12:30 2026
	INET/inet_error: read errno = 10054, client host = honor2025, address = ::1/50151, user = system


test-node	Wed Sep 30 06:13:30 2026
	INET/inet_error: read errno = 10054, client host = honor2025, address = ::1/51439, user = system


test-node	Wed Sep 30 06:14:30 2026
	INET/inet_error: read errno = 10054, client host = honor2025, address = ::1/51668, user = system


test-node	Wed Sep 30 06:14:30 2026
	INET/inet_error: read errno = 10054, client host = honor2025, address = ::1/51674, user = system


test-node	Wed Sep 30 06:15:30 2026
	INET/inet_error: read errno = 10054, client host = honor2025, address = ::1/65313, user = system


test-node	Wed Sep 30 06:16:30 2026
	INET/inet_error: read errno = 10054, client host = honor2025, address = ::1/49170, user = system


test-node	Wed Sep 30 06:16:30 2026
	INET/inet_error: read errno = 10054, client host = honor2025, address = ::1/49172, user = system


test-node	Wed Sep 30 06:17:30 2026
	INET/inet_error: read errno = 10054, client host = honor2025, address = ::1/64910, user = system


test-node	Wed Sep 30 06:18:30 2026
	INET/inet_error: read errno = 10054, client host = honor2025, address = ::1/52358, user = system


test-node	Wed Sep 30 06:18:30 2026
	INET/inet_error: read errno = 10054, client host = honor2025, address = ::1/52357, user = system


test-node	Wed Sep 30 06:19:30 2026
	INET/inet_error: read errno = 10054, client host = honor2025, address = ::1/52571, user = system


test-node	Wed Sep 30 06:20:30 2026
	INET/inet_error: read errno = 10054, client host = honor2025, address = ::1/52816, user = system


test-node	Wed Sep 30 06:20:30 2026
	INET/inet_error: read errno = 10054, client host = honor2025, address = ::1/52821, user = system


test-node	Wed Sep 30 06:21:30 2026
	INET/inet_error: read errno = 10054, client host = honor2025, address = ::1/53070, user = system


test-node	Wed Sep 30 06:22:30 2026
	INET/inet_error: read errno = 10054, client host = honor2025, address = ::1/63698, user = system


test-node	Wed Sep 30 06:22:30 2026
	INET/inet_error: read errno = 10054, client host = honor2025, address = ::1/63693, user = system


test-node	Wed Sep 30 06:23:30 2026
	INET/inet_error: read errno = 10054, client host = honor2025, address = ::1/49707, user = system


test-node	Wed Sep 30 06:24:30 2026
	INET/inet_error: read errno = 10054, client host = honor2025, address = ::1/49992, user = system


test-node	Wed Sep 30 06:24:30 2026
	INET/inet_error: read errno = 10054, client host = honor2025, address = ::1/49997, user = system


test-node	Wed Sep 30 06:25:30 2026
	INET/inet_error: read errno = 10054, client host = honor2025, address = ::1/50295, user = system


test-node	Wed Sep 30 06:26:30 2026
	INET/inet_error: read errno = 10054, client host = honor2025, address = ::1/50519, user = system


test-node	Wed Sep 30 06:26:30 2026
	INET/inet_error: read errno = 10054, client host = honor2025, address = ::1/50523, user = system


test-node	Wed Sep 30 06:27:30 2026
	INET/inet_error: read errno = 10054, client host = honor2025, address = ::1/59892, user = system


test-node	Wed Sep 30 06:28:30 2026
	INET/inet_error: read errno = 10054, client host = honor2025, address = ::1/51996, user = system


test-node	Wed Sep 30 06:28:30 2026
	INET/inet_error: read errno = 10054, client host = honor2025, address = ::1/52002, user = system


test-node	Wed Sep 30 06:29:30 2026
	INET/inet_error: read errno = 10054, client host = honor2025, address = ::1/61512, user = system


test-node	Wed Sep 30 06:30:30 2026
	INET/inet_error: read errno = 10054, client host = honor2025, address = ::1/61735, user = system


test-node	Wed Sep 30 06:30:30 2026
	INET/inet_error: read errno = 10054, client host = honor2025, address = ::1/61741, user = system


test-node	Wed Sep 30 06:31:30 2026
	INET/inet_error: read errno = 10054, client host = honor2025, address = ::1/56634, user = system


test-node	Wed Sep 30 06:32:30 2026
	INET/inet_error: read errno = 10054, client host = honor2025, address = ::1/54313, user = system


test-node	Wed Sep 30 06:32:30 2026
	INET/inet_error: read errno = 10054, client host = honor2025, address = ::1/54309, user = system


test-node	Wed Sep 30 06:33:30 2026
	INET/inet_error: read errno = 10054, client host = honor2025, address = ::1/64735, user = system


test-node	Wed Sep 30 06:34:30 2026
	INET/inet_error: read errno = 10054, client host = honor2025, address = ::1/64975, user = system


test-node	Wed Sep 30 06:34:30 2026
	INET/inet_error: read errno = 10054, client host = honor2025, address = ::1/64969, user = system


test-node	Wed Sep 30 06:35:30 2026
	INET/inet_error: read errno = 10054, client host = honor2025, address = ::1/65202, user = system


test-node	Wed Sep 30 06:36:30 2026
	INET/inet_error: read errno = 10054, client host = honor2025, address = ::1/65430, user = system


test-node	Wed Sep 30 06:36:30 2026
	INET/inet_error: read errno = 10054, client host = honor2025, address = ::1/65431, user = system


test-node	Wed Sep 30 06:37:30 2026
	INET/inet_error: read errno = 10054, client host = honor2025, address = ::1/50730, user = system


test-node	Wed Sep 30 06:38:30 2026
	INET/inet_error: read errno = 10054, client host = honor2025, address = ::1/50878, user = system


test-node	Wed Sep 30 06:38:30 2026
	INET/inet_error: read errno = 10054, client host = honor2025, address = ::1/50880, user = system


test-node	Wed Sep 30 06:39:30 2026
	INET/inet_error: read errno = 10054, client host = honor2025, address = ::1/51115, user = system


test-node	Wed Sep 30 06:40:30 2026
	INET/inet_error: read errno = 10054, client host = honor2025, address = ::1/51359, user = system


test-node	Wed Sep 30 06:40:30 2026
	INET/inet_error: read errno = 10054, client host = honor2025, address = ::1/51361, user = system


test-node	Wed Sep 30 06:41:30 2026
	INET/inet_error: read errno = 10054, client host = honor2025, address = ::1/51595, user = system


test-node	Wed Sep 30 06:42:30 2026
	INET/inet_error: read errno = 10054, client host = honor2025, address = ::1/49932, user = system


test-node	Wed Sep 30 06:42:30 2026
	INET/inet_error: read errno = 10054, client host = honor2025, address = ::1/49935, user = system


test-node	Wed Sep 30 06:43:30 2026
	INET/inet_error: read errno = 10054, client host = honor2025, address = ::1/54542, user = system


test-node	Wed Sep 30 06:44:30 2026
	INET/inet_error: read errno = 10054, client host = honor2025, address = ::1/54774, user = system


test-node	Wed Sep 30 06:44:30 2026
	INET/inet_error: read errno = 10054, client host = honor2025, address = ::1/54775, user = system


test-node	Wed Sep 30 06:45:30 2026
	INET/inet_error: read errno = 10054, client host = honor2025, address = ::1/55009, user = system


test-node	Wed Sep 30 06:46:30 2026
	INET/inet_error: read errno = 10054, client host = honor2025, address = ::1/55251, user = system


test-node	Wed Sep 30 06:46:30 2026
	INET/inet_error: read errno = 10054, client host = honor2025, address = ::1/55249, user = system


test-node	Wed Sep 30 06:47:30 2026
	INET/inet_error: read errno = 10054, client host = honor2025, address = ::1/62581, user = system


test-node	Wed Sep 30 06:48:30 2026
	INET/inet_error: read errno = 10054, client host = honor2025, address = ::1/51025, user = system


test-node	Wed Sep 30 06:48:30 2026
	INET/inet_error: read errno = 10054, client host = honor2025, address = ::1/51022, user = system


test-node	Wed Sep 30 06:49:30 2026
	INET/inet_error: read errno = 10054, client host = honor2025, address = ::1/51264, user = system


test-node	Wed Sep 30 06:50:30 2026
	INET/inet_error: read errno = 10054, client host = honor2025, address = ::1/51494, user = system


test-node	Wed Sep 30 06:50:30 2026
	INET/inet_error: read errno = 10054, client host = honor2025, address = ::1/51495, user = system


test-node	Wed Sep 30 06:51:30 2026
	INET/inet_error: read errno = 10054, client host = honor2025, address = ::1/51736, user = system


test-node	Wed Sep 30 06:52:30 2026
	INET/inet_error: read errno = 10054, client host = honor2025, address = ::1/53458, user = system


test-node	Wed Sep 30 06:52:30 2026
	INET/inet_error: read errno = 10054, client host = honor2025, address = ::1/53453, user = system


test-node	Wed Sep 30 06:53:30 2026
	INET/inet_error: read errno = 10054, client host = honor2025, address = ::1/64413, user = system


test-node	Wed Sep 30 06:54:30 2026
	INET/inet_error: read errno = 10054, client host = honor2025, address = ::1/64641, user = system


test-node	Wed Sep 30 06:54:30 2026
	INET/inet_error: read errno = 10054, client host = honor2025, address = ::1/64643, user = system


test-node	Wed Sep 30 06:55:30 2026
	INET/inet_error: read errno = 10054, client host = honor2025, address = ::1/64892, user = system


test-node	Wed Sep 30 06:56:30 2026
	INET/inet_error: read errno = 10054, client host = honor2025, address = ::1/65126, user = system


test-node	Wed Sep 30 06:56:30 2026
	INET/inet_error: read errno = 10054, client host = honor2025, address = ::1/65120, user = system


test-node	Wed Sep 30 06:57:30 2026
	INET/inet_error: read errno = 10054, client host = honor2025, address = ::1/59575, user = system


test-node	Wed Sep 30 06:58:30 2026
	INET/inet_error: read errno = 10054, client host = honor2025, address = ::1/53043, user = system


test-node	Wed Sep 30 06:58:30 2026
	INET/inet_error: read errno = 10054, client host = honor2025, address = ::1/53044, user = system


test-node	Wed Sep 30 06:59:30 2026
	INET/inet_error: read errno = 10054, client host = honor2025, address = ::1/53305, user = system


test-node	Wed Sep 30 07:00:30 2026
	INET/inet_error: read errno = 10054, client host = honor2025, address = ::1/53549, user = system


test-node	Wed Sep 30 07:00:30 2026
	INET/inet_error: read errno = 10054, client host = honor2025, address = ::1/53555, user = system


test-node	Wed Sep 30 07:01:30 2026
	INET/inet_error: read errno = 10054, client host = honor2025, address = ::1/61720, user = system


test-node	Wed Sep 30 07:02:30 2026
	INET/inet_error: read errno = 10054, client host = honor2025, address = ::1/54687, user = system


test-node	Wed Sep 30 07:02:30 2026
	INET/inet_error: read errno = 10054, client host = honor2025, address = ::1/54688, user = system


test-node	Wed Sep 30 07:03:30 2026
	INET/inet_error: read errno = 10054, client host = honor2025, address = ::1/53854, user = system


test-node	Wed Sep 30 07:04:30 2026
	INET/inet_error: read errno = 10054, client host = honor2025, address = ::1/54097, user = system


test-node	Wed Sep 30 07:04:30 2026
	INET/inet_error: read errno = 10054, client host = honor2025, address = ::1/54095, user = system


test-node	Wed Sep 30 07:05:30 2026
	INET/inet_error: read errno = 10054, client host = honor2025, address = ::1/54323, user = system


test-node	Wed Sep 30 07:06:30 2026
	INET/inet_error: read errno = 10054, client host = honor2025, address = ::1/54554, user = system


test-node	Wed Sep 30 07:06:30 2026
	INET/inet_error: read errno = 10054, client host = honor2025, address = ::1/54551, user = system


test-node	Wed Sep 30 07:07:30 2026
	INET/inet_error: read errno = 10054, client host = honor2025, address = ::1/54396, user = system


test-node	Wed Sep 30 07:08:30 2026
	INET/inet_error: read errno = 10054, client host = honor2025, address = ::1/52139, user = system


test-node	Wed Sep 30 07:08:30 2026
	INET/inet_error: read errno = 10054, client host = honor2025, address = ::1/52141, user = system


test-node	Wed Sep 30 07:09:30 2026
	INET/inet_error: read errno = 10054, client host = honor2025, address = ::1/52385, user = system


test-node	Wed Sep 30 07:10:30 2026
	INET/inet_error: read errno = 10054, client host = honor2025, address = ::1/52626, user = system


test-node	Wed Sep 30 07:10:30 2026
	INET/inet_error: read errno = 10054, client host = honor2025, address = ::1/52622, user = system


test-node	Wed Sep 30 07:11:30 2026
	INET/inet_error: read errno = 10054, client host = honor2025, address = ::1/52861, user = system


test-node	Wed Sep 30 07:12:30 2026
	INET/inet_error: read errno = 10054, client host = honor2025, address = ::1/53365, user = system


test-node	Wed Sep 30 07:12:30 2026
	INET/inet_error: read errno = 10054, client host = honor2025, address = ::1/53364, user = system


test-node	Wed Sep 30 07:13:30 2026
	INET/inet_error: read errno = 10054, client host = honor2025, address = ::1/53073, user = system


test-node	Wed Sep 30 07:14:30 2026
	INET/inet_error: read errno = 10054, client host = honor2025, address = ::1/53312, user = system


test-node	Wed Sep 30 07:14:30 2026
	INET/inet_error: read errno = 10054, client host = honor2025, address = ::1/53317, user = system


test-node	Wed Sep 30 07:15:30 2026
	INET/inet_error: read errno = 10054, client host = honor2025, address = ::1/56094, user = system


test-node	Wed Sep 30 07:16:30 2026
	INET/inet_error: read errno = 10054, client host = honor2025, address = ::1/56323, user = system


test-node	Wed Sep 30 07:16:30 2026
	INET/inet_error: read errno = 10054, client host = honor2025, address = ::1/56322, user = system


test-node	Wed Sep 30 07:17:30 2026
	INET/inet_error: read errno = 10054, client host = honor2025, address = ::1/62923, user = system


test-node	Wed Sep 30 07:18:30 2026
	INET/inet_error: read errno = 10054, client host = honor2025, address = ::1/63007, user = system


test-node	Wed Sep 30 07:18:30 2026
	INET/inet_error: read errno = 10054, client host = honor2025, address = ::1/63003, user = system


test-node	Wed Sep 30 07:19:30 2026
	INET/inet_error: read errno = 10054, client host = honor2025, address = ::1/63246, user = system


test-node	Wed Sep 30 07:20:30 2026
	INET/inet_error: read errno = 10054, client host = honor2025, address = ::1/63491, user = system


test-node	Wed Sep 30 07:20:30 2026
	INET/inet_error: read errno = 10054, client host = honor2025, address = ::1/63494, user = system


test-node	Wed Sep 30 07:21:30 2026
	INET/inet_error: read errno = 10054, client host = honor2025, address = ::1/63721, user = system


test-node	Wed Sep 30 07:22:30 2026
	INET/inet_error: read errno = 10054, client host = honor2025, address = ::1/61545, user = system


test-node	Wed Sep 30 07:22:30 2026
	INET/inet_error: read errno = 10054, client host = honor2025, address = ::1/61541, user = system


test-node	Wed Sep 30 07:23:30 2026
	INET/inet_error: read errno = 10054, client host = honor2025, address = ::1/53380, user = system


test-node	Wed Sep 30 07:24:30 2026
	INET/inet_error: read errno = 10054, client host = honor2025, address = ::1/53610, user = system


test-node	Wed Sep 30 07:24:30 2026
	INET/inet_error: read errno = 10054, client host = honor2025, address = ::1/53612, user = system


test-node	Wed Sep 30 07:25:30 2026
	INET/inet_error: read errno = 10054, client host = honor2025, address = ::1/53871, user = system


test-node	Wed Sep 30 07:26:30 2026
	INET/inet_error: read errno = 10054, client host = honor2025, address = ::1/54093, user = system


test-node	Wed Sep 30 07:26:30 2026
	INET/inet_error: read errno = 10054, client host = honor2025, address = ::1/54101, user = system


test-node	Wed Sep 30 07:27:30 2026
	INET/inet_error: read errno = 10054, client host = honor2025, address = ::1/55569, user = system


test-node	Wed Sep 30 07:28:30 2026
	INET/inet_error: read errno = 10054, client host = honor2025, address = ::1/53802, user = system


test-node	Wed Sep 30 07:28:30 2026
	INET/inet_error: read errno = 10054, client host = honor2025, address = ::1/53808, user = system


test-node	Wed Sep 30 07:29:30 2026
	INET/inet_error: read errno = 10054, client host = honor2025, address = ::1/53314, user = system


test-node	Wed Sep 30 07:30:30 2026
	INET/inet_error: read errno = 10054, client host = honor2025, address = ::1/53557, user = system


test-node	Wed Sep 30 07:30:30 2026
	INET/inet_error: read errno = 10054, client host = honor2025, address = ::1/53561, user = system


test-node	Wed Sep 30 07:31:30 2026
	INET/inet_error: read errno = 10054, client host = honor2025, address = ::1/60727, user = system


test-node	Wed Sep 30 07:32:30 2026
	INET/inet_error: read errno = 10054, client host = honor2025, address = ::1/63105, user = system


test-node	Wed Sep 30 07:32:30 2026
	INET/inet_error: read errno = 10054, client host = honor2025, address = ::1/63097, user = system


test-node	Wed Sep 30 07:33:30 2026
	INET/inet_error: read errno = 10054, client host = honor2025, address = ::1/58803, user = system


test-node	Wed Sep 30 07:34:30 2026
	INET/inet_error: read errno = 10054, client host = honor2025, address = ::1/59031, user = system


test-node	Wed Sep 30 07:34:30 2026
	INET/inet_error: read errno = 10054, client host = honor2025, address = ::1/59028, user = system


test-node	Wed Sep 30 07:35:30 2026
	INET/inet_error: read errno = 10054, client host = honor2025, address = ::1/59272, user = system


test-node	Wed Sep 30 07:36:30 2026
	INET/inet_error: read errno = 10054, client host = honor2025, address = ::1/59501, user = system


test-node	Wed Sep 30 07:36:30 2026
	INET/inet_error: read errno = 10054, client host = honor2025, address = ::1/59505, user = system


test-node	Wed Sep 30 07:37:30 2026
	INET/inet_error: read errno = 10054, client host = honor2025, address = ::1/52294, user = system


test-node	Wed Sep 30 07:38:30 2026
	INET/inet_error: read errno = 10054, client host = honor2025, address = ::1/62391, user = system


test-node	Wed Sep 30 07:38:30 2026
	INET/inet_error: read errno = 10054, client host = honor2025, address = ::1/62389, user = system


test-node	Wed Sep 30 07:39:30 2026
	INET/inet_error: read errno = 10054, client host = honor2025, address = ::1/62614, user = system


test-node	Wed Sep 30 07:40:30 2026
	INET/inet_error: read errno = 10054, client host = honor2025, address = ::1/62858, user = system


test-node	Wed Sep 30 07:40:30 2026
	INET/inet_error: read errno = 10054, client host = honor2025, address = ::1/62863, user = system


test-node	Wed Sep 30 07:41:30 2026
	INET/inet_error: read errno = 10054, client host = honor2025, address = ::1/63096, user = system


test-node	Wed Sep 30 07:42:30 2026
	INET/inet_error: read errno = 10054, client host = honor2025, address = ::1/58794, user = system


test-node	Wed Sep 30 07:42:30 2026
	INET/inet_error: read errno = 10054, client host = honor2025, address = ::1/58789, user = system


test-node	Wed Sep 30 07:43:30 2026
	INET/inet_error: read errno = 10054, client host = honor2025, address = ::1/51506, user = system


test-node	Wed Sep 30 07:44:30 2026
	INET/inet_error: read errno = 10054, client host = honor2025, address = ::1/51730, user = system


test-node	Wed Sep 30 07:44:30 2026
	INET/inet_error: read errno = 10054, client host = honor2025, address = ::1/51729, user = system


test-node	Wed Sep 30 07:45:30 2026
	INET/inet_error: read errno = 10054, client host = honor2025, address = ::1/51961, user = system


test-node	Wed Sep 30 07:46:30 2026
	INET/inet_error: read errno = 10054, client host = honor2025, address = ::1/52205, user = system


test-node	Wed Sep 30 07:46:30 2026
	INET/inet_error: read errno = 10054, client host = honor2025, address = ::1/52198, user = system


test-node	Wed Sep 30 07:47:30 2026
	INET/inet_error: read errno = 10054, client host = honor2025, address = ::1/59689, user = system


test-node	Wed Sep 30 07:48:30 2026
	INET/inet_error: read errno = 10054, client host = honor2025, address = ::1/60664, user = system


test-node	Wed Sep 30 07:48:30 2026
	INET/inet_error: read errno = 10054, client host = honor2025, address = ::1/60666, user = system


test-node	Wed Sep 30 07:49:30 2026
	INET/inet_error: read errno = 10054, client host = honor2025, address = ::1/60917, user = system


test-node	Wed Sep 30 07:50:30 2026
	INET/inet_error: read errno = 10054, client host = honor2025, address = ::1/61164, user = system


test-node	Wed Sep 30 07:50:30 2026
	INET/inet_error: read errno = 10054, client host = honor2025, address = ::1/61161, user = system


test-node	Wed Sep 30 07:51:30 2026
	INET/inet_error: read errno = 10054, client host = honor2025, address = ::1/61394, user = system


test-node	Wed Sep 30 07:52:30 2026
	INET/inet_error: read errno = 10054, client host = honor2025, address = ::1/64931, user = system


test-node	Wed Sep 30 07:52:30 2026
	INET/inet_error: read errno = 10054, client host = honor2025, address = ::1/64930, user = system


test-node	Wed Sep 30 07:53:30 2026
	INET/inet_error: read errno = 10054, client host = honor2025, address = ::1/61911, user = system


test-node	Wed Sep 30 07:54:30 2026
	INET/inet_error: read errno = 10054, client host = honor2025, address = ::1/62139, user = system


test-node	Wed Sep 30 07:54:30 2026
	INET/inet_error: read errno = 10054, client host = honor2025, address = ::1/62140, user = system


test-node	Wed Sep 30 07:55:30 2026
	INET/inet_error: read errno = 10054, client host = honor2025, address = ::1/62380, user = system


test-node	Wed Sep 30 07:56:30 2026
	INET/inet_error: read errno = 10054, client host = honor2025, address = ::1/49293, user = system


test-node	Wed Sep 30 07:56:30 2026
	INET/inet_error: read errno = 10054, client host = honor2025, address = ::1/49299, user = system


test-node	Wed Sep 30 07:57:30 2026
	INET/inet_error: read errno = 10054, client host = honor2025, address = ::1/56368, user = system


test-node	Wed Sep 30 07:58:30 2026
	INET/inet_error: read errno = 10054, client host = honor2025, address = ::1/60684, user = system


test-node	Wed Sep 30 07:58:30 2026
	INET/inet_error: read errno = 10054, client host = honor2025, address = ::1/60687, user = system


test-node	Wed Sep 30 07:59:30 2026
	INET/inet_error: read errno = 10054, client host = honor2025, address = ::1/60978, user = system


test-node	Wed Sep 30 08:00:30 2026
	INET/inet_error: read errno = 10054, client host = honor2025, address = ::1/61217, user = system


test-node	Wed Sep 30 08:00:30 2026
	INET/inet_error: read errno = 10054, client host = honor2025, address = ::1/61224, user = system


test-node	Wed Sep 30 08:01:30 2026
	INET/inet_error: read errno = 10054, client host = honor2025, address = ::1/58729, user = system


test-node	Wed Sep 30 08:02:30 2026
	INET/inet_error: read errno = 10054, client host = honor2025, address = ::1/59083, user = system


test-node	Wed Sep 30 08:02:30 2026
	INET/inet_error: read errno = 10054, client host = honor2025, address = ::1/59089, user = system


test-node	Wed Sep 30 08:03:30 2026
	INET/inet_error: read errno = 10054, client host = honor2025, address = ::1/61304, user = system


test-node	Wed Sep 30 08:04:30 2026
	INET/inet_error: read errno = 10054, client host = honor2025, address = ::1/61561, user = system


test-node	Wed Sep 30 08:04:30 2026
	INET/inet_error: read errno = 10054, client host = honor2025, address = ::1/61565, user = system


test-node	Wed Sep 30 08:05:30 2026
	INET/inet_error: read errno = 10054, client host = honor2025, address = ::1/61801, user = system


test-node	Wed Sep 30 08:06:30 2026
	INET/inet_error: read errno = 10054, client host = honor2025, address = ::1/62042, user = system


test-node	Wed Sep 30 08:06:30 2026
	INET/inet_error: read errno = 10054, client host = honor2025, address = ::1/62036, user = system


test-node	Wed Sep 30 08:07:30 2026
	INET/inet_error: read errno = 10054, client host = honor2025, address = ::1/55415, user = system


test-node	Wed Sep 30 08:08:30 2026
	INET/inet_error: read errno = 10054, client host = honor2025, address = ::1/49220, user = system


test-node	Wed Sep 30 08:08:30 2026
	INET/inet_error: read errno = 10054, client host = honor2025, address = ::1/49222, user = system


test-node	Wed Sep 30 08:09:30 2026
	INET/inet_error: read errno = 10054, client host = honor2025, address = ::1/49714, user = system


test-node	Wed Sep 30 08:10:30 2026
	INET/inet_error: read errno = 10054, client host = honor2025, address = ::1/50079, user = system


test-node	Wed Sep 30 08:10:30 2026
	INET/inet_error: read errno = 10054, client host = honor2025, address = ::1/50090, user = system


test-node	Wed Sep 30 08:11:30 2026
	INET/inet_error: read errno = 10054, client host = honor2025, address = ::1/50320, user = system


test-node	Wed Sep 30 08:12:30 2026
	INET/inet_error: read errno = 10054, client host = honor2025, address = ::1/64197, user = system


test-node	Wed Sep 30 08:12:30 2026
	INET/inet_error: read errno = 10054, client host = honor2025, address = ::1/64198, user = system


test-node	Wed Sep 30 08:13:30 2026
	INET/inet_error: read errno = 10054, client host = honor2025, address = ::1/58801, user = system


test-node	Wed Sep 30 08:14:30 2026
	INET/inet_error: read errno = 10054, client host = honor2025, address = ::1/59035, user = system


test-node	Wed Sep 30 08:14:30 2026
	INET/inet_error: read errno = 10054, client host = honor2025, address = ::1/59036, user = system


test-node	Wed Sep 30 08:15:30 2026
	INET/inet_error: read errno = 10054, client host = honor2025, address = ::1/54676, user = system


test-node	Wed Sep 30 08:16:30 2026
	INET/inet_error: read errno = 10054, client host = honor2025, address = ::1/65450, user = system


test-node	Wed Sep 30 08:16:30 2026
	INET/inet_error: read errno = 10054, client host = honor2025, address = ::1/65448, user = system


test-node	Wed Sep 30 08:17:30 2026
	INET/inet_error: read errno = 10054, client host = honor2025, address = ::1/52026, user = system


test-node	Wed Sep 30 08:18:30 2026
	INET/inet_error: read errno = 10054, client host = honor2025, address = ::1/61222, user = system


test-node	Wed Sep 30 08:18:30 2026
	INET/inet_error: read errno = 10054, client host = honor2025, address = ::1/61225, user = system


test-node	Wed Sep 30 08:19:30 2026
	INET/inet_error: read errno = 10054, client host = honor2025, address = ::1/61462, user = system


test-node	Wed Sep 30 08:20:30 2026
	INET/inet_error: read errno = 10054, client host = honor2025, address = ::1/61704, user = system


test-node	Wed Sep 30 08:20:30 2026
	INET/inet_error: read errno = 10054, client host = honor2025, address = ::1/61705, user = system


test-node	Wed Sep 30 08:21:30 2026
	INET/inet_error: read errno = 10054, client host = honor2025, address = ::1/61939, user = system


test-node	Wed Sep 30 08:22:30 2026
	INET/inet_error: read errno = 10054, client host = honor2025, address = ::1/53605, user = system


test-node	Wed Sep 30 08:22:30 2026
	INET/inet_error: read errno = 10054, client host = honor2025, address = ::1/53610, user = system


test-node	Wed Sep 30 08:23:30 2026
	INET/inet_error: read errno = 10054, client host = honor2025, address = ::1/53021, user = system


test-node	Wed Sep 30 08:24:30 2026
	INET/inet_error: read errno = 10054, client host = honor2025, address = ::1/53253, user = system


test-node	Wed Sep 30 08:24:30 2026
	INET/inet_error: read errno = 10054, client host = honor2025, address = ::1/53252, user = system


test-node	Wed Sep 30 08:25:30 2026
	INET/inet_error: read errno = 10054, client host = honor2025, address = ::1/53505, user = system


test-node	Wed Sep 30 08:26:30 2026
	INET/inet_error: read errno = 10054, client host = honor2025, address = ::1/53740, user = system


test-node	Wed Sep 30 08:26:30 2026
	INET/inet_error: read errno = 10054, client host = honor2025, address = ::1/53741, user = system


test-node	Wed Sep 30 08:27:30 2026
	INET/inet_error: read errno = 10054, client host = honor2025, address = ::1/64076, user = system


test-node	Wed Sep 30 08:28:30 2026
	INET/inet_error: read errno = 10054, client host = honor2025, address = ::1/58802, user = system


test-node	Wed Sep 30 08:28:30 2026
	INET/inet_error: read errno = 10054, client host = honor2025, address = ::1/58798, user = system


test-node	Wed Sep 30 08:29:30 2026
	INET/inet_error: read errno = 10054, client host = honor2025, address = ::1/62592, user = system


test-node	Wed Sep 30 08:30:30 2026
	INET/inet_error: read errno = 10054, client host = honor2025, address = ::1/62833, user = system


test-node	Wed Sep 30 08:30:30 2026
	INET/inet_error: read errno = 10054, client host = honor2025, address = ::1/62841, user = system


test-node	Wed Sep 30 08:31:30 2026
	INET/inet_error: read errno = 10054, client host = honor2025, address = ::1/54123, user = system


test-node	Wed Sep 30 08:32:30 2026
	INET/inet_error: read errno = 10054, client host = honor2025, address = ::1/49360, user = system


test-node	Wed Sep 30 08:32:30 2026
	INET/inet_error: read errno = 10054, client host = honor2025, address = ::1/49362, user = system


test-node	Wed Sep 30 08:33:30 2026
	INET/inet_error: read errno = 10054, client host = honor2025, address = ::1/60636, user = system


test-node	Wed Sep 30 08:34:30 2026
	INET/inet_error: read errno = 10054, client host = honor2025, address = ::1/60869, user = system


test-node	Wed Sep 30 08:34:30 2026
	INET/inet_error: read errno = 10054, client host = honor2025, address = ::1/60874, user = system


test-node	Wed Sep 30 08:35:30 2026
	INET/inet_error: read errno = 10054, client host = honor2025, address = ::1/61107, user = system


test-node	Wed Sep 30 08:36:30 2026
	INET/inet_error: read errno = 10054, client host = honor2025, address = ::1/61333, user = system


test-node	Wed Sep 30 08:36:30 2026
	INET/inet_error: read errno = 10054, client host = honor2025, address = ::1/61337, user = system


test-node	Wed Sep 30 08:37:30 2026
	INET/inet_error: read errno = 10054, client host = honor2025, address = ::1/54229, user = system


test-node	Wed Sep 30 08:38:30 2026
	INET/inet_error: read errno = 10054, client host = honor2025, address = ::1/58796, user = system


test-node	Wed Sep 30 08:38:30 2026
	INET/inet_error: read errno = 10054, client host = honor2025, address = ::1/58795, user = system


test-node	Wed Sep 30 08:39:30 2026
	INET/inet_error: read errno = 10054, client host = honor2025, address = ::1/59034, user = system


test-node	Wed Sep 30 08:40:30 2026
	INET/inet_error: read errno = 10054, client host = honor2025, address = ::1/59283, user = system


test-node	Wed Sep 30 08:40:30 2026
	INET/inet_error: read errno = 10054, client host = honor2025, address = ::1/59284, user = system


test-node	Wed Sep 30 08:41:30 2026
	INET/inet_error: read errno = 10054, client host = honor2025, address = ::1/59527, user = system


test-node	Wed Sep 30 08:42:30 2026
	INET/inet_error: read errno = 10054, client host = honor2025, address = ::1/63633, user = system


test-node	Wed Sep 30 08:42:30 2026
	INET/inet_error: read errno = 10054, client host = honor2025, address = ::1/63638, user = system


test-node	Wed Sep 30 08:43:30 2026
	INET/inet_error: read errno = 10054, client host = honor2025, address = ::1/64056, user = system


test-node	Wed Sep 30 08:44:30 2026
	INET/inet_error: read errno = 10054, client host = honor2025, address = ::1/64291, user = system


test-node	Wed Sep 30 08:44:30 2026
	INET/inet_error: read errno = 10054, client host = honor2025, address = ::1/64294, user = system


test-node	Wed Sep 30 08:45:30 2026
	INET/inet_error: read errno = 10054, client host = honor2025, address = ::1/64525, user = system


test-node	Wed Sep 30 08:46:30 2026
	INET/inet_error: read errno = 10054, client host = honor2025, address = ::1/64772, user = system


test-node	Wed Sep 30 08:46:30 2026
	INET/inet_error: read errno = 10054, client host = honor2025, address = ::1/64774, user = system


test-node	Wed Sep 30 08:47:30 2026
	INET/inet_error: read errno = 10054, client host = honor2025, address = ::1/61308, user = system


test-node	Wed Sep 30 08:48:30 2026
	INET/inet_error: read errno = 10054, client host = honor2025, address = ::1/52965, user = system


test-node	Wed Sep 30 08:48:30 2026
	INET/inet_error: read errno = 10054, client host = honor2025, address = ::1/52966, user = system


test-node	Wed Sep 30 08:49:30 2026
	INET/inet_error: read errno = 10054, client host = honor2025, address = ::1/53218, user = system


test-node	Wed Sep 30 08:50:30 2026
	INET/inet_error: read errno = 10054, client host = honor2025, address = ::1/53456, user = system


test-node	Wed Sep 30 08:50:30 2026
	INET/inet_error: read errno = 10054, client host = honor2025, address = ::1/53465, user = system


test-node	Wed Sep 30 08:51:30 2026
	INET/inet_error: read errno = 10054, client host = honor2025, address = ::1/53685, user = system


test-node	Wed Sep 30 08:52:30 2026
	INET/inet_error: read errno = 10054, client host = honor2025, address = ::1/54273, user = system


test-node	Wed Sep 30 08:52:30 2026
	INET/inet_error: read errno = 10054, client host = honor2025, address = ::1/54276, user = system


test-node	Wed Sep 30 08:53:30 2026
	INET/inet_error: read errno = 10054, client host = honor2025, address = ::1/61593, user = system


test-node	Wed Sep 30 08:54:30 2026
	INET/inet_error: read errno = 10054, client host = honor2025, address = ::1/61810, user = system


test-node	Wed Sep 30 08:54:30 2026
	INET/inet_error: read errno = 10054, client host = honor2025, address = ::1/61809, user = system


test-node	Wed Sep 30 08:55:30 2026
	INET/inet_error: read errno = 10054, client host = honor2025, address = ::1/62055, user = system


test-node	Wed Sep 30 08:56:30 2026
	INET/inet_error: read errno = 10054, client host = honor2025, address = ::1/62298, user = system


test-node	Wed Sep 30 08:56:30 2026
	INET/inet_error: read errno = 10054, client host = honor2025, address = ::1/62289, user = system


test-node	Wed Sep 30 08:57:30 2026
	INET/inet_error: read errno = 10054, client host = honor2025, address = ::1/52574, user = system


test-node	Wed Sep 30 08:58:30 2026
	INET/inet_error: read errno = 10054, client host = honor2025, address = ::1/64630, user = system


test-node	Wed Sep 30 08:58:30 2026
	INET/inet_error: read errno = 10054, client host = honor2025, address = ::1/64633, user = system


test-node	Wed Sep 30 08:59:30 2026
	INET/inet_error: read errno = 10054, client host = honor2025, address = ::1/64866, user = system


test-node	Wed Sep 30 09:00:30 2026
	INET/inet_error: read errno = 10054, client host = honor2025, address = ::1/65091, user = system


test-node	Wed Sep 30 09:00:30 2026
	INET/inet_error: read errno = 10054, client host = honor2025, address = ::1/65095, user = system


test-node	Wed Sep 30 09:01:30 2026
	INET/inet_error: read errno = 10054, client host = honor2025, address = ::1/62402, user = system


test-node	Wed Sep 30 09:02:30 2026
	INET/inet_error: read errno = 10054, client host = honor2025, address = ::1/51701, user = system


test-node	Wed Sep 30 09:02:30 2026
	INET/inet_error: read errno = 10054, client host = honor2025, address = ::1/51699, user = system


test-node	Wed Sep 30 09:03:30 2026
	INET/inet_error: read errno = 10054, client host = honor2025, address = ::1/58761, user = system


test-node	Wed Sep 30 09:04:30 2026
	INET/inet_error: read errno = 10054, client host = honor2025, address = ::1/59004, user = system


test-node	Wed Sep 30 09:04:30 2026
	INET/inet_error: read errno = 10054, client host = honor2025, address = ::1/59008, user = system


test-node	Wed Sep 30 09:05:30 2026
	INET/inet_error: read errno = 10054, client host = honor2025, address = ::1/59247, user = system


test-node	Wed Sep 30 09:06:30 2026
	INET/inet_error: read errno = 10054, client host = honor2025, address = ::1/59465, user = system


test-node	Wed Sep 30 09:06:30 2026
	INET/inet_error: read errno = 10054, client host = honor2025, address = ::1/59471, user = system


test-node	Wed Sep 30 09:07:30 2026
	INET/inet_error: read errno = 10054, client host = honor2025, address = ::1/56428, user = system


test-node	Wed Sep 30 09:08:30 2026
	INET/inet_error: read errno = 10054, client host = honor2025, address = ::1/61860, user = system


test-node	Wed Sep 30 09:08:30 2026
	INET/inet_error: read errno = 10054, client host = honor2025, address = ::1/61864, user = system


test-node	Wed Sep 30 09:09:30 2026
	INET/inet_error: read errno = 10054, client host = honor2025, address = ::1/62095, user = system


test-node	Wed Sep 30 09:10:30 2026
	INET/inet_error: read errno = 10054, client host = honor2025, address = ::1/62340, user = system


test-node	Wed Sep 30 09:10:30 2026
	INET/inet_error: read errno = 10054, client host = honor2025, address = ::1/62339, user = system


test-node	Wed Sep 30 09:11:30 2026
	INET/inet_error: read errno = 10054, client host = honor2025, address = ::1/62583, user = system


test-node	Wed Sep 30 09:12:30 2026
	INET/inet_error: read errno = 10054, client host = honor2025, address = ::1/51966, user = system


test-node	Wed Sep 30 09:12:30 2026
	INET/inet_error: read errno = 10054, client host = honor2025, address = ::1/51971, user = system


test-node	Wed Sep 30 09:13:30 2026
	INET/inet_error: read errno = 10054, client host = honor2025, address = ::1/49402, user = system


test-node	Wed Sep 30 09:14:30 2026
	INET/inet_error: read errno = 10054, client host = honor2025, address = ::1/49943, user = system


test-node	Wed Sep 30 09:14:30 2026
	INET/inet_error: read errno = 10054, client host = honor2025, address = ::1/49948, user = system


test-node	Wed Sep 30 09:15:30 2026
	INET/inet_error: read errno = 10054, client host = honor2025, address = ::1/54346, user = system


test-node	Wed Sep 30 09:16:30 2026
	INET/inet_error: read errno = 10054, client host = honor2025, address = ::1/54586, user = system


test-node	Wed Sep 30 09:16:30 2026
	INET/inet_error: read errno = 10054, client host = honor2025, address = ::1/54592, user = system


test-node	Wed Sep 30 09:17:30 2026
	INET/inet_error: read errno = 10054, client host = honor2025, address = ::1/55079, user = system


test-node	Wed Sep 30 09:18:30 2026
	INET/inet_error: read errno = 10054, client host = honor2025, address = ::1/56004, user = system


test-node	Wed Sep 30 09:18:30 2026
	INET/inet_error: read errno = 10054, client host = honor2025, address = ::1/56007, user = system


test-node	Wed Sep 30 09:19:30 2026
	INET/inet_error: read errno = 10054, client host = honor2025, address = ::1/56259, user = system


test-node	Wed Sep 30 09:20:30 2026
	INET/inet_error: read errno = 10054, client host = honor2025, address = ::1/64800, user = system


test-node	Wed Sep 30 09:20:30 2026
	INET/inet_error: read errno = 10054, client host = honor2025, address = ::1/64808, user = system


test-node	Wed Sep 30 09:21:30 2026
	INET/inet_error: read errno = 10054, client host = honor2025, address = ::1/65080, user = system


test-node	Wed Sep 30 09:22:30 2026
	INET/inet_error: read errno = 10054, client host = honor2025, address = ::1/64582, user = system


test-node	Wed Sep 30 09:22:30 2026
	INET/inet_error: read errno = 10054, client host = honor2025, address = ::1/64584, user = system


test-node	Wed Sep 30 09:23:30 2026
	INET/inet_error: read errno = 10054, client host = honor2025, address = ::1/58983, user = system


test-node	Wed Sep 30 09:24:30 2026
	INET/inet_error: read errno = 10054, client host = honor2025, address = ::1/50968, user = system


test-node	Wed Sep 30 09:24:30 2026
	INET/inet_error: read errno = 10054, client host = honor2025, address = ::1/50970, user = system


test-node	Wed Sep 30 09:25:30 2026
	INET/inet_error: read errno = 10054, client host = honor2025, address = ::1/55791, user = system


test-node	Wed Sep 30 09:26:30 2026
	INET/inet_error: read errno = 10054, client host = honor2025, address = ::1/56225, user = system


test-node	Wed Sep 30 09:26:30 2026
	INET/inet_error: read errno = 10054, client host = honor2025, address = ::1/56241, user = system


test-node	Wed Sep 30 09:27:30 2026
	INET/inet_error: read errno = 10054, client host = honor2025, address = ::1/64692, user = system


test-node	Wed Sep 30 09:28:30 2026
	INET/inet_error: read errno = 10054, client host = honor2025, address = ::1/64036, user = system


test-node	Wed Sep 30 09:28:30 2026
	INET/inet_error: read errno = 10054, client host = honor2025, address = ::1/64031, user = system


test-node	Wed Sep 30 09:29:30 2026
	INET/inet_error: read errno = 10054, client host = honor2025, address = ::1/50068, user = system


test-node	Wed Sep 30 09:30:30 2026
	INET/inet_error: read errno = 10054, client host = honor2025, address = ::1/64330, user = system


test-node	Wed Sep 30 09:30:30 2026
	INET/inet_error: read errno = 10054, client host = honor2025, address = ::1/64336, user = system


test-node	Wed Sep 30 09:31:30 2026
	INET/inet_error: read errno = 10054, client host = honor2025, address = ::1/49235, user = system


test-node	Wed Sep 30 09:32:30 2026
	INET/inet_error: read errno = 10054, client host = honor2025, address = ::1/59917, user = system


test-node	Wed Sep 30 09:32:30 2026
	INET/inet_error: read errno = 10054, client host = honor2025, address = ::1/59914, user = system


test-node	Wed Sep 30 09:33:30 2026
	INET/inet_error: read errno = 10054, client host = honor2025, address = ::1/60782, user = system


test-node	Wed Sep 30 09:34:30 2026
	INET/inet_error: read errno = 10054, client host = honor2025, address = ::1/62809, user = system


test-node	Wed Sep 30 09:34:30 2026
	INET/inet_error: read errno = 10054, client host = honor2025, address = ::1/62805, user = system


test-node	Wed Sep 30 09:35:30 2026
	INET/inet_error: read errno = 10054, client host = honor2025, address = ::1/63068, user = system


test-node	Wed Sep 30 09:36:30 2026
	INET/inet_error: read errno = 10054, client host = honor2025, address = ::1/62136, user = system


test-node	Wed Sep 30 09:36:30 2026
	INET/inet_error: read errno = 10054, client host = honor2025, address = ::1/62135, user = system


test-node	Wed Sep 30 09:37:30 2026
	INET/inet_error: read errno = 10054, client host = honor2025, address = ::1/54021, user = system


test-node	Wed Sep 30 09:38:30 2026
	INET/inet_error: read errno = 10054, client host = honor2025, address = ::1/52914, user = system


test-node	Wed Sep 30 09:38:30 2026
	INET/inet_error: read errno = 10054, client host = honor2025, address = ::1/52907, user = system


test-node	Wed Sep 30 09:39:30 2026
	INET/inet_error: read errno = 10054, client host = honor2025, address = ::1/51398, user = system


test-node	Wed Sep 30 09:40:30 2026
	INET/inet_error: read errno = 10054, client host = honor2025, address = ::1/51693, user = system


test-node	Wed Sep 30 09:40:30 2026
	INET/inet_error: read errno = 10054, client host = honor2025, address = ::1/51700, user = system


test-node	Wed Sep 30 09:41:30 2026
	INET/inet_error: read errno = 10054, client host = honor2025, address = ::1/50968, user = system


test-node	Wed Sep 30 09:42:30 2026
	INET/inet_error: read errno = 10054, client host = honor2025, address = ::1/55192, user = system


test-node	Wed Sep 30 09:42:30 2026
	INET/inet_error: read errno = 10054, client host = honor2025, address = ::1/55195, user = system


test-node	Wed Sep 30 09:43:30 2026
	INET/inet_error: read errno = 10054, client host = honor2025, address = ::1/53001, user = system


test-node	Wed Sep 30 09:44:30 2026
	INET/inet_error: read errno = 10054, client host = honor2025, address = ::1/53304, user = system


test-node	Wed Sep 30 09:44:30 2026
	INET/inet_error: read errno = 10054, client host = honor2025, address = ::1/53303, user = system


test-node	Wed Sep 30 09:45:30 2026
	INET/inet_error: read errno = 10054, client host = honor2025, address = ::1/53562, user = system


test-node	Wed Sep 30 09:46:30 2026
	INET/inet_error: read errno = 10054, client host = honor2025, address = ::1/53824, user = system


test-node	Wed Sep 30 09:46:30 2026
	INET/inet_error: read errno = 10054, client host = honor2025, address = ::1/53823, user = system


test-node	Wed Sep 30 09:47:30 2026
	INET/inet_error: read errno = 10054, client host = honor2025, address = ::1/59057, user = system


test-node	Wed Sep 30 09:48:30 2026
	INET/inet_error: read errno = 10054, client host = honor2025, address = ::1/61474, user = system


test-node	Wed Sep 30 09:48:30 2026
	INET/inet_error: read errno = 10054, client host = honor2025, address = ::1/61472, user = system


test-node	Wed Sep 30 09:49:30 2026
	INET/inet_error: read errno = 10054, client host = honor2025, address = ::1/62374, user = system


test-node	Wed Sep 30 09:50:30 2026
	INET/inet_error: read errno = 10054, client host = honor2025, address = ::1/62697, user = system


test-node	Wed Sep 30 09:50:30 2026
	INET/inet_error: read errno = 10054, client host = honor2025, address = ::1/62691, user = system


test-node	Wed Sep 30 09:51:30 2026
	INET/inet_error: read errno = 10054, client host = honor2025, address = ::1/62987, user = system


test-node	Wed Sep 30 09:52:30 2026
	INET/inet_error: read errno = 10054, client host = honor2025, address = ::1/60785, user = system


test-node	Wed Sep 30 09:52:30 2026
	INET/inet_error: read errno = 10054, client host = honor2025, address = ::1/60799, user = system


test-node	Wed Sep 30 09:53:30 2026
	INET/inet_error: read errno = 10054, client host = honor2025, address = ::1/56883, user = system


test-node	Wed Sep 30 09:54:30 2026
	INET/inet_error: read errno = 10054, client host = honor2025, address = ::1/57133, user = system


test-node	Wed Sep 30 09:54:30 2026
	INET/inet_error: read errno = 10054, client host = honor2025, address = ::1/57132, user = system


test-node	Wed Sep 30 09:55:30 2026
	INET/inet_error: read errno = 10054, client host = honor2025, address = ::1/57384, user = system


test-node	Wed Sep 30 09:56:30 2026
	INET/inet_error: read errno = 10054, client host = honor2025, address = ::1/58828, user = system


test-node	Wed Sep 30 09:56:30 2026
	INET/inet_error: read errno = 10054, client host = honor2025, address = ::1/58825, user = system


test-node	Wed Sep 30 09:57:30 2026
	INET/inet_error: read errno = 10054, client host = honor2025, address = ::1/49300, user = system


test-node	Wed Sep 30 09:58:30 2026
	INET/inet_error: read errno = 10054, client host = honor2025, address = ::1/58798, user = system


test-node	Wed Sep 30 09:58:30 2026
	INET/inet_error: read errno = 10054, client host = honor2025, address = ::1/58802, user = system


test-node	Wed Sep 30 09:59:30 2026
	INET/inet_error: read errno = 10054, client host = honor2025, address = ::1/61379, user = system


test-node	Wed Sep 30 10:00:30 2026
	INET/inet_error: read errno = 10054, client host = honor2025, address = ::1/61653, user = system


test-node	Wed Sep 30 10:00:30 2026
	INET/inet_error: read errno = 10054, client host = honor2025, address = ::1/61647, user = system


test-node	Wed Sep 30 10:01:30 2026
	INET/inet_error: read errno = 10054, client host = honor2025, address = ::1/61169, user = system


test-node	Wed Sep 30 10:02:30 2026
	INET/inet_error: read errno = 10054, client host = honor2025, address = ::1/64307, user = system


test-node	Wed Sep 30 10:02:30 2026
	INET/inet_error: read errno = 10054, client host = honor2025, address = ::1/64304, user = system


test-node	Wed Sep 30 10:03:30 2026
	INET/inet_error: read errno = 10054, client host = honor2025, address = ::1/58785, user = system


test-node	Wed Sep 30 10:04:30 2026
	INET/inet_error: read errno = 10054, client host = honor2025, address = ::1/59038, user = system


test-node	Wed Sep 30 10:04:30 2026
	INET/inet_error: read errno = 10054, client host = honor2025, address = ::1/59036, user = system


test-node	Wed Sep 30 10:05:30 2026
	INET/inet_error: read errno = 10054, client host = honor2025, address = ::1/59323, user = system


test-node	Wed Sep 30 10:06:30 2026
	INET/inet_error: read errno = 10054, client host = honor2025, address = ::1/59606, user = system


test-node	Wed Sep 30 10:06:30 2026
	INET/inet_error: read errno = 10054, client host = honor2025, address = ::1/59600, user = system


test-node	Wed Sep 30 10:07:30 2026
	INET/inet_error: read errno = 10054, client host = honor2025, address = ::1/54752, user = system


test-node	Wed Sep 30 10:08:30 2026
	INET/inet_error: read errno = 10054, client host = honor2025, address = ::1/61131, user = system


test-node	Wed Sep 30 10:08:30 2026
	INET/inet_error: read errno = 10054, client host = honor2025, address = ::1/61126, user = system


test-node	Wed Sep 30 10:09:30 2026
	INET/inet_error: read errno = 10054, client host = honor2025, address = ::1/49890, user = system


test-node	Wed Sep 30 10:10:30 2026
	INET/inet_error: read errno = 10054, client host = honor2025, address = ::1/59724, user = system


test-node	Wed Sep 30 10:10:30 2026
	INET/inet_error: read errno = 10054, client host = honor2025, address = ::1/59734, user = system


test-node	Wed Sep 30 10:11:30 2026
	INET/inet_error: read errno = 10054, client host = honor2025, address = ::1/59996, user = system


test-node	Wed Sep 30 10:12:30 2026
	INET/inet_error: read errno = 10054, client host = honor2025, address = ::1/52848, user = system


test-node	Wed Sep 30 10:12:30 2026
	INET/inet_error: read errno = 10054, client host = honor2025, address = ::1/52842, user = system


test-node	Wed Sep 30 10:13:30 2026
	INET/inet_error: read errno = 10054, client host = honor2025, address = ::1/62905, user = system


test-node	Wed Sep 30 10:14:30 2026
	INET/inet_error: read errno = 10054, client host = honor2025, address = ::1/63141, user = system


test-node	Wed Sep 30 10:14:30 2026
	INET/inet_error: read errno = 10054, client host = honor2025, address = ::1/63146, user = system


test-node	Wed Sep 30 10:15:30 2026
	INET/inet_error: read errno = 10054, client host = honor2025, address = ::1/51233, user = system


test-node	Wed Sep 30 10:16:30 2026
	INET/inet_error: read errno = 10054, client host = honor2025, address = ::1/56611, user = system


test-node	Wed Sep 30 10:16:30 2026
	INET/inet_error: read errno = 10054, client host = honor2025, address = ::1/56606, user = system


test-node	Wed Sep 30 10:17:30 2026
	INET/inet_error: read errno = 10054, client host = honor2025, address = ::1/58768, user = system


test-node	Wed Sep 30 10:18:30 2026
	INET/inet_error: read errno = 10054, client host = honor2025, address = ::1/59413, user = system


test-node	Wed Sep 30 10:18:30 2026
	INET/inet_error: read errno = 10054, client host = honor2025, address = ::1/59410, user = system


test-node	Wed Sep 30 10:19:30 2026
	INET/inet_error: read errno = 10054, client host = honor2025, address = ::1/64172, user = system


test-node	Wed Sep 30 10:20:30 2026
	INET/inet_error: read errno = 10054, client host = honor2025, address = ::1/50631, user = system


test-node	Wed Sep 30 10:20:30 2026
	INET/inet_error: read errno = 10054, client host = honor2025, address = ::1/50641, user = system


test-node	Wed Sep 30 10:21:30 2026
	INET/inet_error: read errno = 10054, client host = honor2025, address = ::1/58764, user = system


test-node	Wed Sep 30 10:22:30 2026
	INET/inet_error: read errno = 10054, client host = honor2025, address = ::1/52017, user = system


test-node	Wed Sep 30 10:22:30 2026
	INET/inet_error: read errno = 10054, client host = honor2025, address = ::1/52016, user = system


test-node	Wed Sep 30 10:23:30 2026
	INET/inet_error: read errno = 10054, client host = honor2025, address = ::1/61502, user = system


test-node	Wed Sep 30 10:24:30 2026
	INET/inet_error: read errno = 10054, client host = honor2025, address = ::1/58857, user = system


test-node	Wed Sep 30 10:24:30 2026
	INET/inet_error: read errno = 10054, client host = honor2025, address = ::1/58864, user = system


test-node	Wed Sep 30 10:25:30 2026
	INET/inet_error: read errno = 10054, client host = honor2025, address = ::1/65349, user = system


test-node	Wed Sep 30 10:26:30 2026
	INET/inet_error: read errno = 10054, client host = honor2025, address = ::1/58865, user = system


test-node	Wed Sep 30 10:26:30 2026
	INET/inet_error: read errno = 10054, client host = honor2025, address = ::1/58870, user = system


test-node	Wed Sep 30 10:27:30 2026
	INET/inet_error: read errno = 10054, client host = honor2025, address = ::1/62749, user = system


test-node	Wed Sep 30 10:28:30 2026
	INET/inet_error: read errno = 10054, client host = honor2025, address = ::1/50743, user = system


test-node	Wed Sep 30 10:28:30 2026
	INET/inet_error: read errno = 10054, client host = honor2025, address = ::1/50740, user = system


test-node	Wed Sep 30 10:29:30 2026
	INET/inet_error: read errno = 10054, client host = honor2025, address = ::1/63237, user = system


test-node	Wed Sep 30 10:30:30 2026
	INET/inet_error: read errno = 10054, client host = honor2025, address = ::1/53099, user = system


test-node	Wed Sep 30 10:30:30 2026
	INET/inet_error: read errno = 10054, client host = honor2025, address = ::1/53100, user = system


test-node	Wed Sep 30 10:31:30 2026
	INET/inet_error: read errno = 10054, client host = honor2025, address = ::1/50612, user = system


test-node	Wed Sep 30 10:32:30 2026
	INET/inet_error: read errno = 10054, client host = honor2025, address = ::1/63668, user = system


test-node	Wed Sep 30 10:32:30 2026
	INET/inet_error: read errno = 10054, client host = honor2025, address = ::1/63662, user = system


test-node	Wed Sep 30 10:33:30 2026
	INET/inet_error: read errno = 10054, client host = honor2025, address = ::1/56475, user = system


test-node	Wed Sep 30 10:34:30 2026
	INET/inet_error: read errno = 10054, client host = honor2025, address = ::1/51393, user = system


test-node	Wed Sep 30 10:34:30 2026
	INET/inet_error: read errno = 10054, client host = honor2025, address = ::1/51395, user = system


test-node	Wed Sep 30 10:35:30 2026
	INET/inet_error: read errno = 10054, client host = honor2025, address = ::1/60351, user = system


test-node	Wed Sep 30 10:36:30 2026
	INET/inet_error: read errno = 10054, client host = honor2025, address = ::1/58840, user = system


test-node	Wed Sep 30 10:36:30 2026
	INET/inet_error: read errno = 10054, client host = honor2025, address = ::1/58848, user = system


test-node	Wed Sep 30 10:37:30 2026
	INET/inet_error: read errno = 10054, client host = honor2025, address = ::1/58777, user = system


test-node	Wed Sep 30 10:38:30 2026
	INET/inet_error: read errno = 10054, client host = honor2025, address = ::1/52305, user = system


test-node	Wed Sep 30 10:38:30 2026
	INET/inet_error: read errno = 10054, client host = honor2025, address = ::1/52301, user = system


test-node	Wed Sep 30 10:39:30 2026
	INET/inet_error: read errno = 10054, client host = honor2025, address = ::1/52552, user = system


test-node	Wed Sep 30 10:40:30 2026
	INET/inet_error: read errno = 10054, client host = honor2025, address = ::1/52798, user = system


test-node	Wed Sep 30 10:40:30 2026
	INET/inet_error: read errno = 10054, client host = honor2025, address = ::1/52803, user = system


test-node	Wed Sep 30 10:41:14 2026
	INET/inet_error: read errno = 10054, client host = honor2025, address = ::1/52393, user = aleks


test-node	Wed Sep 30 10:41:30 2026
	INET/inet_error: read errno = 10054, client host = honor2025, address = ::1/53056, user = system


test-node	Wed Sep 30 10:41:37 2026
	INET/inet_error: read errno = 10054, client host = honor2025, address = ::1/53177, user = aleks


test-node	Wed Sep 30 10:42:30 2026
	INET/inet_error: read errno = 10054, client host = honor2025, address = ::1/60370, user = system


test-node	Wed Sep 30 10:42:30 2026
	INET/inet_error: read errno = 10054, client host = honor2025, address = ::1/60374, user = system


test-node	Wed Sep 30 10:43:30 2026
	INET/inet_error: read errno = 10054, client host = honor2025, address = ::1/51560, user = system


test-node	Wed Sep 30 10:44:30 2026
	INET/inet_error: read errno = 10054, client host = honor2025, address = ::1/49160, user = system


test-node	Wed Sep 30 10:44:30 2026
	INET/inet_error: read errno = 10054, client host = honor2025, address = ::1/49161, user = system


test-node	Wed Sep 30 10:45:30 2026
	INET/inet_error: read errno = 10054, client host = honor2025, address = ::1/64977, user = system


test-node	Wed Sep 30 10:46:30 2026
	INET/inet_error: read errno = 10054, client host = honor2025, address = ::1/65264, user = system


test-node	Wed Sep 30 10:46:30 2026
	INET/inet_error: read errno = 10054, client host = honor2025, address = ::1/65271, user = system


test-node	Wed Sep 30 10:47:30 2026
	INET/inet_error: read errno = 10054, client host = honor2025, address = ::1/53829, user = system


test-node	Wed Sep 30 10:48:30 2026
	INET/inet_error: read errno = 10054, client host = honor2025, address = ::1/54994, user = system


test-node	Wed Sep 30 10:48:30 2026
	INET/inet_error: read errno = 10054, client host = honor2025, address = ::1/54995, user = system


test-node	Wed Sep 30 10:49:30 2026
	INET/inet_error: read errno = 10054, client host = honor2025, address = ::1/55248, user = system


test-node	Wed Sep 30 10:50:30 2026
	INET/inet_error: read errno = 10054, client host = honor2025, address = ::1/55514, user = system


test-node	Wed Sep 30 10:50:30 2026
	INET/inet_error: read errno = 10054, client host = honor2025, address = ::1/55521, user = system


test-node	Wed Sep 30 10:51:30 2026
	INET/inet_error: read errno = 10054, client host = honor2025, address = ::1/55790, user = system


test-node	Wed Sep 30 10:51:50 2026
	LightWeight Monitoring: Cannot initialize the shared memory region
	Shared memory area is probably already created by another engine instance in another Windows session


test-node	Wed Sep 30 10:52:19 2026
	LightWeight Monitoring: Cannot initialize the shared memory region
	Shared memory area is probably already created by another engine instance in another Windows session


test-node	Wed Sep 30 10:52:30 2026
	INET/inet_error: read errno = 10054, client host = honor2025, address = ::1/61761, user = system


test-node	Wed Sep 30 10:52:30 2026
	INET/inet_error: read errno = 10054, client host = honor2025, address = ::1/61760, user = system


test-node	Wed Sep 30 10:53:30 2026
	INET/inet_error: read errno = 10054, client host = honor2025, address = ::1/59582, user = system


test-node	Wed Sep 30 10:54:30 2026
	INET/inet_error: read errno = 10054, client host = honor2025, address = ::1/58889, user = system


test-node	Wed Sep 30 10:54:30 2026
	INET/inet_error: read errno = 10054, client host = honor2025, address = ::1/58892, user = system


test-node	Wed Sep 30 10:55:30 2026
	INET/inet_error: read errno = 10054, client host = honor2025, address = ::1/59157, user = system


test-node	Wed Sep 30 10:56:04 2026
	LightWeight Monitoring: Cannot initialize the shared memory region
	Shared memory area is probably already created by another engine instance in another Windows session


test-node	Wed Sep 30 10:56:30 2026
	INET/inet_error: read errno = 10054, client host = honor2025, address = ::1/59403, user = system


test-node	Wed Sep 30 10:56:30 2026
	INET/inet_error: read errno = 10054, client host = honor2025, address = ::1/59405, user = system


test-node	Wed Sep 30 10:57:30 2026
	INET/inet_error: read errno = 10054, client host = honor2025, address = ::1/56697, user = system


test-node	Wed Sep 30 10:57:34 2026
	LightWeight Monitoring: Cannot initialize the shared memory region
	Shared memory area is probably already created by another engine instance in another Windows session


test-node	Wed Sep 30 10:58:30 2026
	INET/inet_error: read errno = 10054, client host = honor2025, address = ::1/58804, user = system


test-node	Wed Sep 30 10:58:30 2026
	INET/inet_error: read errno = 10054, client host = honor2025, address = ::1/58802, user = system


test-node	Wed Sep 30 10:59:30 2026
	INET/inet_error: read errno = 10054, client host = honor2025, address = ::1/52533, user = system


test-node	Wed Sep 30 11:00:30 2026
	INET/inet_error: read errno = 10054, client host = honor2025, address = ::1/52800, user = system


test-node	Wed Sep 30 11:00:30 2026
	INET/inet_error: read errno = 10054, client host = honor2025, address = ::1/52814, user = system


test-node	Wed Sep 30 11:01:30 2026
	INET/inet_error: read errno = 10054, client host = honor2025, address = ::1/49914, user = system


test-node	Wed Sep 30 11:02:30 2026
	INET/inet_error: read errno = 10054, client host = honor2025, address = ::1/62098, user = system


test-node	Wed Sep 30 11:02:30 2026
	INET/inet_error: read errno = 10054, client host = honor2025, address = ::1/62100, user = system


test-node	Wed Sep 30 11:03:30 2026
	INET/inet_error: read errno = 10054, client host = honor2025, address = ::1/52172, user = system


test-node	Wed Sep 30 11:04:30 2026
	INET/inet_error: read errno = 10054, client host = honor2025, address = ::1/62814, user = system


test-node	Wed Sep 30 11:04:30 2026
	INET/inet_error: read errno = 10054, client host = honor2025, address = ::1/62806, user = system


test-node	Wed Sep 30 11:05:30 2026
	INET/inet_error: read errno = 10054, client host = honor2025, address = ::1/59835, user = system


test-node	Wed Sep 30 11:06:30 2026
	INET/inet_error: read errno = 10054, client host = honor2025, address = ::1/56764, user = system


test-node	Wed Sep 30 11:06:30 2026
	INET/inet_error: read errno = 10054, client host = honor2025, address = ::1/56765, user = system


test-node	Wed Sep 30 11:07:30 2026
	INET/inet_error: read errno = 10054, client host = honor2025, address = ::1/60442, user = system


test-node	Wed Sep 30 11:08:30 2026
	INET/inet_error: read errno = 10054, client host = honor2025, address = ::1/62525, user = system


test-node	Wed Sep 30 11:08:30 2026
	INET/inet_error: read errno = 10054, client host = honor2025, address = ::1/62520, user = system


test-node	Wed Sep 30 11:09:30 2026
	INET/inet_error: read errno = 10054, client host = honor2025, address = ::1/62775, user = system


test-node	Wed Sep 30 11:10:30 2026
	INET/inet_error: read errno = 10054, client host = honor2025, address = ::1/52455, user = system


test-node	Wed Sep 30 11:10:30 2026
	INET/inet_error: read errno = 10054, client host = honor2025, address = ::1/52467, user = system


test-node	Wed Sep 30 11:11:30 2026
	INET/inet_error: read errno = 10054, client host = honor2025, address = ::1/53673, user = system


test-node	Wed Sep 30 11:12:30 2026
	INET/inet_error: read errno = 10054, client host = honor2025, address = ::1/62462, user = system


test-node	Wed Sep 30 11:12:30 2026
	INET/inet_error: read errno = 10054, client host = honor2025, address = ::1/62447, user = system


test-node	Wed Sep 30 11:13:30 2026
	INET/inet_error: read errno = 10054, client host = honor2025, address = ::1/60382, user = system


test-node	Wed Sep 30 11:14:30 2026
	INET/inet_error: read errno = 10054, client host = honor2025, address = ::1/63621, user = system


test-node	Wed Sep 30 11:14:30 2026
	INET/inet_error: read errno = 10054, client host = honor2025, address = ::1/63628, user = system


test-node	Wed Sep 30 11:15:30 2026
	INET/inet_error: read errno = 10054, client host = honor2025, address = ::1/59111, user = system


test-node	Wed Sep 30 11:16:30 2026
	INET/inet_error: read errno = 10054, client host = honor2025, address = ::1/65078, user = system


test-node	Wed Sep 30 11:16:30 2026
	INET/inet_error: read errno = 10054, client host = honor2025, address = ::1/65080, user = system


test-node	Wed Sep 30 11:17:30 2026
	INET/inet_error: read errno = 10054, client host = honor2025, address = ::1/63598, user = system


test-node	Wed Sep 30 11:18:30 2026
	INET/inet_error: read errno = 10054, client host = honor2025, address = ::1/61979, user = system


test-node	Wed Sep 30 11:18:30 2026
	INET/inet_error: read errno = 10054, client host = honor2025, address = ::1/61975, user = system


test-node	Wed Sep 30 11:19:30 2026
	INET/inet_error: read errno = 10054, client host = honor2025, address = ::1/64728, user = system


test-node	Wed Sep 30 11:20:30 2026
	INET/inet_error: read errno = 10054, client host = honor2025, address = ::1/58832, user = system


test-node	Wed Sep 30 11:20:30 2026
	INET/inet_error: read errno = 10054, client host = honor2025, address = ::1/58843, user = system


test-node	Wed Sep 30 11:21:30 2026
	INET/inet_error: read errno = 10054, client host = honor2025, address = ::1/59329, user = system


test-node	Wed Sep 30 11:22:30 2026
	INET/inet_error: read errno = 10054, client host = honor2025, address = ::1/50395, user = system


test-node	Wed Sep 30 11:22:30 2026
	INET/inet_error: read errno = 10054, client host = honor2025, address = ::1/50391, user = system


test-node	Wed Sep 30 11:23:30 2026
	INET/inet_error: read errno = 10054, client host = honor2025, address = ::1/59425, user = system


test-node	Wed Sep 30 11:24:30 2026
	INET/inet_error: read errno = 10054, client host = honor2025, address = ::1/54469, user = system


test-node	Wed Sep 30 11:24:30 2026
	INET/inet_error: read errno = 10054, client host = honor2025, address = ::1/54476, user = system


test-node	Wed Sep 30 11:25:30 2026
	INET/inet_error: read errno = 10054, client host = honor2025, address = ::1/64386, user = system


test-node	Wed Sep 30 11:26:30 2026
	INET/inet_error: read errno = 10054, client host = honor2025, address = ::1/51125, user = system


test-node	Wed Sep 30 11:26:30 2026
	INET/inet_error: read errno = 10054, client host = honor2025, address = ::1/51127, user = system


test-node	Wed Sep 30 11:27:30 2026
	INET/inet_error: read errno = 10054, client host = honor2025, address = ::1/64577, user = system


test-node	Wed Sep 30 11:28:30 2026
	INET/inet_error: read errno = 10054, client host = honor2025, address = ::1/53643, user = system


test-node	Wed Sep 30 11:28:30 2026
	INET/inet_error: read errno = 10054, client host = honor2025, address = ::1/53644, user = system


test-node	Wed Sep 30 11:29:30 2026
	INET/inet_error: read errno = 10054, client host = honor2025, address = ::1/52775, user = system


test-node	Wed Sep 30 11:30:30 2026
	INET/inet_error: read errno = 10054, client host = honor2025, address = ::1/59444, user = system


test-node	Wed Sep 30 11:30:30 2026
	INET/inet_error: read errno = 10054, client host = honor2025, address = ::1/59451, user = system


test-node	Wed Sep 30 11:31:30 2026
	INET/inet_error: read errno = 10054, client host = honor2025, address = ::1/59851, user = system


test-node	Wed Sep 30 11:32:30 2026
	INET/inet_error: read errno = 10054, client host = honor2025, address = ::1/49858, user = system


test-node	Wed Sep 30 11:32:30 2026
	INET/inet_error: read errno = 10054, client host = honor2025, address = ::1/49848, user = system


test-node	Wed Sep 30 11:33:30 2026
	INET/inet_error: read errno = 10054, client host = honor2025, address = ::1/62406, user = system


test-node	Wed Sep 30 11:34:30 2026
	INET/inet_error: read errno = 10054, client host = honor2025, address = ::1/62708, user = system


test-node	Wed Sep 30 11:34:30 2026
	INET/inet_error: read errno = 10054, client host = honor2025, address = ::1/62713, user = system


test-node	Wed Sep 30 11:35:30 2026
	INET/inet_error: read errno = 10054, client host = honor2025, address = ::1/63036, user = system


test-node	Wed Sep 30 11:36:30 2026
	INET/inet_error: read errno = 10054, client host = honor2025, address = ::1/51369, user = system


test-node	Wed Sep 30 11:36:30 2026
	INET/inet_error: read errno = 10054, client host = honor2025, address = ::1/51370, user = system


test-node	Wed Sep 30 11:37:30 2026
	INET/inet_error: read errno = 10054, client host = honor2025, address = ::1/53864, user = system


test-node	Wed Sep 30 11:38:30 2026
	INET/inet_error: read errno = 10054, client host = honor2025, address = ::1/63965, user = system


test-node	Wed Sep 30 11:38:30 2026
	INET/inet_error: read errno = 10054, client host = honor2025, address = ::1/63956, user = system


test-node	Wed Sep 30 11:39:30 2026
	INET/inet_error: read errno = 10054, client host = honor2025, address = ::1/53975, user = system


test-node	Wed Sep 30 11:40:30 2026
	INET/inet_error: read errno = 10054, client host = honor2025, address = ::1/62395, user = system


test-node	Wed Sep 30 11:40:30 2026
	INET/inet_error: read errno = 10054, client host = honor2025, address = ::1/62402, user = system


test-node	Wed Sep 30 11:41:30 2026
	INET/inet_error: read errno = 10054, client host = honor2025, address = ::1/62662, user = system


test-node	Wed Sep 30 11:42:30 2026
	INET/inet_error: read errno = 10054, client host = honor2025, address = ::1/55057, user = system


test-node	Wed Sep 30 11:42:30 2026
	INET/inet_error: read errno = 10054, client host = honor2025, address = ::1/55059, user = system


test-node	Wed Sep 30 11:43:30 2026
	INET/inet_error: read errno = 10054, client host = honor2025, address = ::1/52490, user = system


test-node	Wed Sep 30 11:44:30 2026
	INET/inet_error: read errno = 10054, client host = honor2025, address = ::1/52721, user = system


test-node	Wed Sep 30 11:44:30 2026
	INET/inet_error: read errno = 10054, client host = honor2025, address = ::1/52724, user = system


test-node	Wed Sep 30 11:45:30 2026
	INET/inet_error: read errno = 10054, client host = honor2025, address = ::1/59855, user = system


test-node	Wed Sep 30 11:46:30 2026
	INET/inet_error: read errno = 10054, client host = honor2025, address = ::1/60111, user = system


test-node	Wed Sep 30 11:46:30 2026
	INET/inet_error: read errno = 10054, client host = honor2025, address = ::1/60108, user = system


test-node	Wed Sep 30 11:47:30 2026
	INET/inet_error: read errno = 10054, client host = honor2025, address = ::1/52130, user = system


test-node	Wed Sep 30 11:48:30 2026
	INET/inet_error: read errno = 10054, client host = honor2025, address = ::1/51688, user = system


test-node	Wed Sep 30 11:48:30 2026
	INET/inet_error: read errno = 10054, client host = honor2025, address = ::1/51687, user = system


test-node	Wed Sep 30 11:49:30 2026
	INET/inet_error: read errno = 10054, client host = honor2025, address = ::1/51939, user = system


test-node	Wed Sep 30 11:50:30 2026
	INET/inet_error: read errno = 10054, client host = honor2025, address = ::1/49783, user = system


test-node	Wed Sep 30 11:50:30 2026
	INET/inet_error: read errno = 10054, client host = honor2025, address = ::1/49786, user = system


test-node	Wed Sep 30 11:51:30 2026
	INET/inet_error: read errno = 10054, client host = honor2025, address = ::1/50829, user = system


test-node	Wed Sep 30 11:52:30 2026
	INET/inet_error: read errno = 10054, client host = honor2025, address = ::1/61435, user = system


test-node	Wed Sep 30 11:52:30 2026
	INET/inet_error: read errno = 10054, client host = honor2025, address = ::1/61432, user = system


test-node	Wed Sep 30 11:53:30 2026
	INET/inet_error: read errno = 10054, client host = honor2025, address = ::1/64938, user = system


test-node	Wed Sep 30 11:54:30 2026
	INET/inet_error: read errno = 10054, client host = honor2025, address = ::1/65178, user = system


test-node	Wed Sep 30 11:54:30 2026
	INET/inet_error: read errno = 10054, client host = honor2025, address = ::1/65183, user = system


test-node	Wed Sep 30 11:55:30 2026
	INET/inet_error: read errno = 10054, client host = honor2025, address = ::1/65445, user = system


test-node	Wed Sep 30 11:56:30 2026
	INET/inet_error: read errno = 10054, client host = honor2025, address = ::1/50183, user = system


test-node	Wed Sep 30 11:56:30 2026
	INET/inet_error: read errno = 10054, client host = honor2025, address = ::1/50192, user = system


test-node	Wed Sep 30 11:57:30 2026
	INET/inet_error: read errno = 10054, client host = honor2025, address = ::1/63100, user = system


test-node	Wed Sep 30 11:58:30 2026
	INET/inet_error: read errno = 10054, client host = honor2025, address = ::1/49822, user = system


test-node	Wed Sep 30 11:58:30 2026
	INET/inet_error: read errno = 10054, client host = honor2025, address = ::1/49824, user = system


test-node	Wed Sep 30 11:59:30 2026
	INET/inet_error: read errno = 10054, client host = honor2025, address = ::1/62932, user = system


test-node	Wed Sep 30 12:00:30 2026
	INET/inet_error: read errno = 10054, client host = honor2025, address = ::1/59815, user = system


test-node	Wed Sep 30 12:00:30 2026
	INET/inet_error: read errno = 10054, client host = honor2025, address = ::1/59829, user = system


test-node	Wed Sep 30 12:01:30 2026
	INET/inet_error: read errno = 10054, client host = honor2025, address = ::1/64238, user = system


test-node	Wed Sep 30 12:02:30 2026
	INET/inet_error: read errno = 10054, client host = honor2025, address = ::1/63429, user = system


test-node	Wed Sep 30 12:02:30 2026
	INET/inet_error: read errno = 10054, client host = honor2025, address = ::1/63427, user = system


test-node	Wed Sep 30 12:03:30 2026
	INET/inet_error: read errno = 10054, client host = honor2025, address = ::1/55180, user = system


test-node	Wed Sep 30 12:04:30 2026
	INET/inet_error: read errno = 10054, client host = honor2025, address = ::1/57397, user = system


test-node	Wed Sep 30 12:04:30 2026
	INET/inet_error: read errno = 10054, client host = honor2025, address = ::1/57399, user = system


test-node	Wed Sep 30 12:05:30 2026
	INET/inet_error: read errno = 10054, client host = honor2025, address = ::1/49342, user = system


test-node	Wed Sep 30 12:06:30 2026
	INET/inet_error: read errno = 10054, client host = honor2025, address = ::1/63909, user = system


test-node	Wed Sep 30 12:06:30 2026
	INET/inet_error: read errno = 10054, client host = honor2025, address = ::1/63911, user = system


test-node	Wed Sep 30 12:07:30 2026
	INET/inet_error: read errno = 10054, client host = honor2025, address = ::1/54247, user = system


test-node	Wed Sep 30 12:08:30 2026
	INET/inet_error: read errno = 10054, client host = honor2025, address = ::1/55511, user = system


test-node	Wed Sep 30 12:08:30 2026
	INET/inet_error: read errno = 10054, client host = honor2025, address = ::1/55515, user = system


test-node	Wed Sep 30 12:09:30 2026
	INET/inet_error: read errno = 10054, client host = honor2025, address = ::1/58700, user = system


test-node	Wed Sep 30 12:10:30 2026
	INET/inet_error: read errno = 10054, client host = honor2025, address = ::1/59884, user = system


test-node	Wed Sep 30 12:10:30 2026
	INET/inet_error: read errno = 10054, client host = honor2025, address = ::1/59879, user = system


test-node	Wed Sep 30 12:11:30 2026
	INET/inet_error: read errno = 10054, client host = honor2025, address = ::1/55480, user = system


test-node	Wed Sep 30 12:12:30 2026
	INET/inet_error: read errno = 10054, client host = honor2025, address = ::1/58748, user = system


test-node	Wed Sep 30 12:12:30 2026
	INET/inet_error: read errno = 10054, client host = honor2025, address = ::1/58747, user = system


test-node	Wed Sep 30 12:13:30 2026
	INET/inet_error: read errno = 10054, client host = honor2025, address = ::1/50395, user = system


test-node	Wed Sep 30 12:14:30 2026
	INET/inet_error: read errno = 10054, client host = honor2025, address = ::1/51847, user = system


test-node	Wed Sep 30 12:14:30 2026
	INET/inet_error: read errno = 10054, client host = honor2025, address = ::1/51846, user = system


test-node	Wed Sep 30 12:15:30 2026
	INET/inet_error: read errno = 10054, client host = honor2025, address = ::1/59990, user = system


test-node	Wed Sep 30 12:16:30 2026
	INET/inet_error: read errno = 10054, client host = honor2025, address = ::1/54701, user = system


test-node	Wed Sep 30 12:16:30 2026
	INET/inet_error: read errno = 10054, client host = honor2025, address = ::1/54704, user = system


test-node	Wed Sep 30 12:17:30 2026
	INET/inet_error: read errno = 10054, client host = honor2025, address = ::1/49868, user = system


test-node	Wed Sep 30 12:18:30 2026
	INET/inet_error: read errno = 10054, client host = honor2025, address = ::1/65240, user = system


test-node	Wed Sep 30 12:18:30 2026
	INET/inet_error: read errno = 10054, client host = honor2025, address = ::1/65241, user = system


test-node	Wed Sep 30 12:19:30 2026
	INET/inet_error: read errno = 10054, client host = honor2025, address = ::1/50227, user = system


test-node	Wed Sep 30 12:20:30 2026
	INET/inet_error: read errno = 10054, client host = honor2025, address = ::1/61930, user = system


test-node	Wed Sep 30 12:20:30 2026
	INET/inet_error: read errno = 10054, client host = honor2025, address = ::1/61928, user = system


test-node	Wed Sep 30 12:21:30 2026
	INET/inet_error: read errno = 10054, client host = honor2025, address = ::1/64177, user = system


test-node	Wed Sep 30 12:22:30 2026
	INET/inet_error: read errno = 10054, client host = honor2025, address = ::1/62523, user = system


test-node	Wed Sep 30 12:22:30 2026
	INET/inet_error: read errno = 10054, client host = honor2025, address = ::1/62519, user = system


test-node	Wed Sep 30 12:23:30 2026
	INET/inet_error: read errno = 10054, client host = honor2025, address = ::1/54973, user = system


test-node	Wed Sep 30 12:24:30 2026
	INET/inet_error: read errno = 10054, client host = honor2025, address = ::1/59271, user = system


test-node	Wed Sep 30 12:24:30 2026
	INET/inet_error: read errno = 10054, client host = honor2025, address = ::1/59277, user = system


test-node	Wed Sep 30 12:25:30 2026
	INET/inet_error: read errno = 10054, client host = honor2025, address = ::1/62088, user = system


test-node	Wed Sep 30 12:26:30 2026
	INET/inet_error: read errno = 10054, client host = honor2025, address = ::1/54926, user = system


test-node	Wed Sep 30 12:26:30 2026
	INET/inet_error: read errno = 10054, client host = honor2025, address = ::1/54931, user = system


test-node	Wed Sep 30 12:27:30 2026
	INET/inet_error: read errno = 10054, client host = honor2025, address = ::1/53500, user = system


test-node	Wed Sep 30 12:28:30 2026
	INET/inet_error: read errno = 10054, client host = honor2025, address = ::1/54265, user = system


test-node	Wed Sep 30 12:28:30 2026
	INET/inet_error: read errno = 10054, client host = honor2025, address = ::1/54269, user = system


test-node	Wed Sep 30 12:29:30 2026
	INET/inet_error: read errno = 10054, client host = honor2025, address = ::1/65180, user = system


test-node	Wed Sep 30 12:30:30 2026
	INET/inet_error: read errno = 10054, client host = honor2025, address = ::1/50523, user = system


test-node	Wed Sep 30 12:30:30 2026
	INET/inet_error: read errno = 10054, client host = honor2025, address = ::1/50521, user = system


test-node	Wed Sep 30 12:31:30 2026
	INET/inet_error: read errno = 10054, client host = honor2025, address = ::1/54591, user = system


test-node	Wed Sep 30 12:32:30 2026
	INET/inet_error: read errno = 10054, client host = honor2025, address = ::1/62867, user = system


test-node	Wed Sep 30 12:32:30 2026
	INET/inet_error: read errno = 10054, client host = honor2025, address = ::1/62869, user = system


test-node	Wed Sep 30 12:33:30 2026
	INET/inet_error: read errno = 10054, client host = honor2025, address = ::1/54951, user = system


test-node	Wed Sep 30 12:33:40 2026
	INET/inet_error: read errno = 10053, server host = localhost, address = ::1/3053


test-node	Wed Sep 30 12:33:40 2026
	INET/inet_error: read errno = 10053, server host = localhost, address = ::1/3053


test-node	Wed Sep 30 12:34:30 2026
	INET/inet_error: read errno = 10054, client host = honor2025, address = ::1/55238, user = system


test-node	Wed Sep 30 12:34:30 2026
	INET/inet_error: read errno = 10054, client host = honor2025, address = ::1/55239, user = system


test-node	Wed Sep 30 12:34:40 2026
	INET/inet_error: read errno = 10054, client host = honor2025, address = ::1/55307, user = system


test-node	Wed Sep 30 12:34:40 2026
	INET/inet_error: read errno = 10054, client host = honor2025, address = ::1/55308, user = system


test-node	Wed Sep 30 12:35:30 2026
	INET/inet_error: read errno = 10054, client host = honor2025, address = ::1/60926, user = system


test-node	Wed Sep 30 12:36:30 2026
	INET/inet_error: read errno = 10054, client host = honor2025, address = ::1/53976, user = system


test-node	Wed Sep 30 12:36:30 2026
	INET/inet_error: read errno = 10054, client host = honor2025, address = ::1/53975, user = system


test-node	Wed Sep 30 12:36:47 2026
	INET/inet_error: read errno = 10054, client host = honor2025, address = 127.0.0.1/54126, user = aleks


test-node	Wed Sep 30 12:37:30 2026
	INET/inet_error: read errno = 10054, client host = honor2025, address = ::1/51591, user = system


test-node	Wed Sep 30 12:38:30 2026
	INET/inet_error: read errno = 10054, client host = honor2025, address = ::1/55428, user = system


test-node	Wed Sep 30 12:38:30 2026
	INET/inet_error: read errno = 10054, client host = honor2025, address = ::1/55423, user = system


test-node	Wed Sep 30 12:38:40 2026
	INET/inet_error: read errno = 10054, client host = honor2025, address = ::1/55481, user = system


test-node	Wed Sep 30 12:38:40 2026
	INET/inet_error: read errno = 10054, client host = honor2025, address = ::1/55482, user = system


test-node	Wed Sep 30 12:39:30 2026
	INET/inet_error: read errno = 10054, client host = honor2025, address = ::1/58721, user = system


test-node	Wed Sep 30 12:40:30 2026
	INET/inet_error: read errno = 10054, client host = honor2025, address = ::1/61502, user = system


test-node	Wed Sep 30 12:40:30 2026
	INET/inet_error: read errno = 10054, client host = honor2025, address = ::1/61498, user = system


test-node	Wed Sep 30 12:41:30 2026
	INET/inet_error: read errno = 10054, client host = honor2025, address = ::1/50357, user = system


test-node	Wed Sep 30 12:41:37 2026
	INET/inet_error: read errno = 10054, server host = localhost, address = ::1/3053


test-node	Wed Sep 30 12:41:37 2026
	INET/inet_error: read errno = 10054, server host = localhost, address = ::1/3053


test-node	Wed Sep 30 12:41:37 2026
	INET/inet_error: read errno = 10054, server host = localhost, address = ::1/3053


test-node	Wed Sep 30 12:41:37 2026
	INET/inet_error: read errno = 10054, server host = localhost, address = ::1/3053


test-node	Wed Sep 30 12:41:37 2026
	INET/inet_error: read errno = 10054, server host = localhost, address = ::1/3053


test-node	Wed Sep 30 12:41:37 2026
	INET/inet_error: read errno = 10054, server host = localhost, address = ::1/3053


test-node	Wed Sep 30 12:41:37 2026
	INET/inet_error: read errno = 10054, server host = localhost, address = ::1/3053


test-node	Wed Sep 30 12:41:37 2026
	INET/inet_error: read errno = 10054, server host = localhost, address = ::1/3053


test-node	Wed Sep 30 12:41:37 2026
	INET/inet_error: read errno = 10054, server host = localhost, address = ::1/3053


test-node	Wed Sep 30 12:41:37 2026
	INET/inet_error: read errno = 10054, server host = localhost, address = ::1/3053


test-node	Wed Sep 30 12:41:37 2026
	INET/inet_error: read errno = 10054, server host = localhost, address = ::1/3053


test-node	Wed Sep 30 12:41:37 2026
	INET/inet_error: read errno = 10054, server host = localhost, address = ::1/3053


test-node	Wed Sep 30 12:41:37 2026
	INET/inet_error: read errno = 10054, server host = localhost, address = ::1/3053


test-node	Wed Sep 30 12:41:37 2026
	INET/inet_error: read errno = 10054, server host = localhost, address = ::1/3053


test-node	Wed Sep 30 12:41:37 2026
	INET/inet_error: read errno = 10054, server host = localhost, address = ::1/3053


test-node	Wed Sep 30 12:41:37 2026
	XNET error: XNET server initialization failed. Probably another instance of server is already running.
	operating system directive CreateMutex failed
	Cannot create a file when that file already exists. 


test-node	Wed Sep 30 12:42:57 2026
	INET/inet_error: read errno = 10054, client host = honor2025, address = ::1/64456, user = system


test-node	Wed Sep 30 12:42:57 2026
	INET/inet_error: read errno = 10054, client host = honor2025, address = ::1/64455, user = system


test-node	Wed Sep 30 12:43:10 2026
	DEBUG_LCK_LIST: found not detached lock 0x000000002D61ED90 in deleting pool 0x000000002D53A170


test-node	Wed Sep 30 12:43:24 2026
	INET/inet_error: read errno = 10054, server host = localhost, address = ::1/3053


test-node	Wed Sep 30 12:43:24 2026
	INET/inet_error: read errno = 10054, server host = localhost, address = ::1/3053


test-node	Wed Sep 30 12:43:24 2026
	XNET error: XNET server initialization failed. Probably another instance of server is already running.
	operating system directive CreateMutex failed
	Cannot create a file when that file already exists. 


test-node	Wed Sep 30 12:43:40 2026
	DEBUG_LCK_LIST: found not detached lock 0x0000000030BC4910 in deleting pool 0x0000000027D3F800


test-node	Wed Sep 30 12:43:47 2026
	DEBUG_LCK_LIST: found not detached lock 0x0000000030E0BA30 in deleting pool 0x0000000030E0DD30


test-node	Wed Sep 30 12:43:58 2026
	Fatal lock interface error: Invalid lock type in get_owner_type()


test-node	Wed Sep 30 12:43:58 2026
	INET/inet_error: read errno = 10054, server host = localhost, address = ::1/3053


test-node	Wed Sep 30 12:43:58 2026
	INET/inet_error: read errno = 10054, server host = localhost, address = ::1/3053


test-node	Wed Sep 30 12:43:58 2026
	XNET error: XNET server initialization failed. Probably another instance of server is already running.
	operating system directive CreateMutex failed
	Cannot create a file when that file already exists. 


test-node	Wed Sep 30 12:44:00 2026
	DEBUG_LCK_LIST: found not detached lock 0x000000002C704910 in deleting pool 0x000000002C6A5220


test-node	Wed Sep 30 12:44:20 2026
	DEBUG_LCK_LIST: found not detached lock 0x000000002B6E6110 in deleting pool 0x000000002CC3BD90


test-node	Wed Sep 30 12:44:21 2026
	DEBUG_LCK_LIST: found not detached lock 0x0000000030669B90 in deleting pool 0x00000000305CE680


test-node	Wed Sep 30 12:44:24 2026
	DEBUG_LCK_LIST: found not detached lock 0x000000002EC8ED90 in deleting pool 0x000000002F5D1F50


test-node	Wed Sep 30 12:44:30 2026
	DEBUG_LCK_LIST: found not detached lock 0x0000000022A03C30 in deleting pool 0x00000000230AD6D0


test-node	Wed Sep 30 12:44:41 2026
	DEBUG_LCK_LIST: found not detached lock 0x000000002959CD10 in deleting pool 0x00000000341FE630


test-node	Wed Sep 30 12:45:05 2026
	DEBUG_LCK_LIST: found not detached lock 0x0000000025E3ED90 in deleting pool 0x000000002B044CA0


test-node	Wed Sep 30 12:45:27 2026
	DEBUG_LCK_LIST: found not detached lock 0x0000000000ED38A0 in deleting pool 0x00000000219DA640


test-node	Wed Sep 30 12:45:32 2026
	DEBUG_LCK_LIST: found not detached lock 0x000000002996FA10 in deleting pool 0x00000000237DDD20


test-node	Wed Sep 30 12:45:42 2026
	DEBUG_LCK_LIST: found not detached lock 0x000000002BA8AC90 in deleting pool 0x0000000027698AD0


test-node	Wed Sep 30 12:45:45 2026
	DEBUG_LCK_LIST: found not detached lock 0x0000000006319710 in deleting pool 0x000000002BDFB580


test-node	Wed Sep 30 12:45:47 2026
	Fatal lock interface error: Invalid lock type in get_owner_type()


test-node	Wed Sep 30 12:45:47 2026
	INET/inet_error: read errno = 10054, server host = localhost, address = ::1/3053


test-node	Wed Sep 30 12:45:47 2026
	INET/inet_error: read errno = 10054, server host = localhost, address = ::1/3053


test-node	Wed Sep 30 12:45:47 2026
	XNET error: XNET server initialization failed. Probably another instance of server is already running.
	operating system directive CreateMutex failed
	Cannot create a file when that file already exists. 


test-node	Wed Sep 30 12:46:02 2026
	DEBUG_LCK_LIST: found not detached lock 0x0000000029FF8F10 in deleting pool 0x000000002E4D0400


test-node	Wed Sep 30 12:46:06 2026
	DEBUG_LCK_LIST: found not detached lock 0x00000000234BDF90 in deleting pool 0x0000000024EDA930


test-node	Wed Sep 30 12:46:11 2026
	INET/inet_error: read errno = 10054, server host = localhost, address = ::1/3053


test-node	Wed Sep 30 12:46:11 2026
	INET/inet_error: read errno = 10054, server host = localhost, address = ::1/3053


test-node	Wed Sep 30 12:46:11 2026
	XNET error: XNET server initialization failed. Probably another instance of server is already running.
	operating system directive CreateMutex failed
	Cannot create a file when that file already exists. 


test-node	Wed Sep 30 12:46:36 2026
	DEBUG_LCK_LIST: found not detached lock 0x000000002B734F90 in deleting pool 0x000000002AEF4C90


test-node	Wed Sep 30 12:47:13 2026
	DEBUG_LCK_LIST: found not detached lock 0x0000000045C5F110 in deleting pool 0x000000000164D170


test-node	Wed Sep 30 12:47:58 2026
	DEBUG_LCK_LIST: found not detached lock 0x0000000047FDB510 in deleting pool 0x00000000475110E0


test-node	Wed Sep 30 12:48:05 2026
	DEBUG_LCK_LIST: found not detached lock 0x00000000426B9790 in deleting pool 0x000000004447A770


test-node	Wed Sep 30 12:48:28 2026
	DEBUG_LCK_LIST: found not detached lock 0x00000000269B4F90 in deleting pool 0x0000000026A508A0


test-node	Wed Sep 30 12:48:43 2026
	Fatal lock interface error: Invalid lock type in get_owner_type()


test-node	Wed Sep 30 12:48:43 2026
	INET/inet_error: read errno = 10054, server host = localhost, address = ::1/3053


test-node	Wed Sep 30 12:48:43 2026
	INET/inet_error: read errno = 10054, server host = localhost, address = ::1/3053


test-node	Wed Sep 30 12:48:43 2026
	XNET error: XNET server initialization failed. Probably another instance of server is already running.
	operating system directive CreateMutex failed
	Cannot create a file when that file already exists. 


test-node	Wed Sep 30 12:49:20 2026
	DEBUG_LCK_LIST: found not detached lock 0x0000000024AC6D10 in deleting pool 0x0000000023C63EC0


test-node	Wed Sep 30 12:49:40 2026
	INET/inet_error: read errno = 10054, server host = localhost, address = ::1/3053


test-node	Wed Sep 30 12:49:40 2026
	INET/inet_error: read errno = 10054, server host = localhost, address = ::1/3053


test-node	Wed Sep 30 12:49:40 2026
	XNET error: XNET server initialization failed. Probably another instance of server is already running.
	operating system directive CreateMutex failed
	Cannot create a file when that file already exists. 


test-node	Wed Sep 30 12:49:53 2026
	XNET error: XNET server initialization failed. Probably another instance of server is already running.
	operating system directive CreateMutex failed
	Cannot create a file when that file already exists. 


test-node	Wed Sep 30 12:50:58 2026
	DEBUG_LCK_LIST: found not detached lock 0x0000000024627F70 in deleting pool 0x000000002D190E80


test-node	Wed Sep 30 12:51:32 2026
	INET/inet_error: read errno = 10054, server host = localhost, address = ::1/3053


test-node	Wed Sep 30 12:51:32 2026
	INET/inet_error: read errno = 10054, server host = localhost, address = ::1/3053


test-node	Wed Sep 30 12:51:32 2026
	XNET error: XNET server initialization failed. Probably another instance of server is already running.
	operating system directive CreateMutex failed
	Cannot create a file when that file already exists. 


test-node	Wed Sep 30 12:51:42 2026
	DEBUG_LCK_LIST: found not detached lock 0x00000000241F3690 in deleting pool 0x0000000024D536D0


test-node	Wed Sep 30 12:51:44 2026
	XNET error: XNET server initialization failed. Probably another instance of server is already running.
	operating system directive CreateMutex failed
	Cannot create a file when that file already exists. 


test-node	Wed Sep 30 12:52:07 2026
	DEBUG_LCK_LIST: found not detached lock 0x0000000022A64F90 in deleting pool 0x0000000023DCBB90


test-node	Wed Sep 30 12:52:39 2026
	Fatal lock interface error: Invalid lock type in get_owner_type()


test-node	Wed Sep 30 12:52:39 2026
	INET/inet_error: read errno = 10054, server host = localhost, address = ::1/3053


test-node	Wed Sep 30 12:52:39 2026
	INET/inet_error: read errno = 10054, server host = localhost, address = ::1/3053


test-node	Wed Sep 30 12:52:39 2026
	XNET error: XNET server initialization failed. Probably another instance of server is already running.
	operating system directive CreateMutex failed
	Cannot create a file when that file already exists. 


test-node	Wed Sep 30 12:53:13 2026
	DEBUG_LCK_LIST: found not detached lock 0x000000002AC2CF90 in deleting pool 0x000000002D27C6F0


test-node	Wed Sep 30 12:53:30 2026
	INET/inet_error: read errno = 10054, client host = test-node, address = 127.0.0.1/50420, user = aleks

